filename,width,height,class,xmin,ymin,xmax,ymax
01.jpg,546,144,P,1,6,65,95
01.jpg,546,144,S,100,11,183,88
01.jpg,546,144,E,239,39,307,106
01.jpg,546,144,P,304,26,353,105
01.jpg,546,144,S,371,42,442,128
010.jpg,546,144,L,13,41,95,121
010.jpg,546,144,H,147,13,239,100
010.jpg,546,144,J,240,36,310,122
010.jpg,546,144,R,373,3,452,99
010.jpg,546,144,G,469,38,545,130
0100.jpg,546,144,H,12,61,90,143
0100.jpg,546,144,N,125,41,209,124
0100.jpg,546,144,E,236,24,299,87
0100.jpg,546,144,W,357,32,460,110
0100.jpg,546,144,J,482,8,542,89
0101.jpg,546,144,E,5,23,85,126
0101.jpg,546,144,S,145,23,223,108
0101.jpg,546,144,Z,240,45,296,111
0101.jpg,546,144,R,350,17,426,94
0101.jpg,546,144,M,442,56,536,136
0102.jpg,546,144,T,40,56,118,135
0102.jpg,546,144,Q,118,3,177,82
0102.jpg,546,144,L,258,54,314,134
0102.jpg,546,144,E,350,52,413,118
0102.jpg,546,144,R,443,42,532,132
0103.jpg,546,144,V,3,72,70,142
0103.jpg,546,144,N,89,31,161,100
0103.jpg,546,144,M,204,12,302,95
0103.jpg,546,144,L,321,37,384,124
0103.jpg,546,144,O,404,31,485,118
0104.jpg,546,144,U,74,53,169,132
0104.jpg,546,144,V,195,7,271,90
0104.jpg,546,144,T,316,64,382,139
0104.jpg,546,144,R,392,15,456,76
0104.jpg,546,144,H,456,21,542,98
0105.jpg,546,144,R,64,47,138,134
0105.jpg,546,144,D,162,8,241,85
0105.jpg,546,144,L,275,3,330,81
0105.jpg,546,144,C,360,19,442,98
0105.jpg,546,144,U,432,5,492,73
0106.jpg,546,144,S,76,26,149,112
0106.jpg,546,144,G,209,8,291,93
0106.jpg,546,144,O,323,27,385,98
0106.jpg,546,144,I,379,5,436,69
0106.jpg,546,144,U,444,21,510,92
0107.jpg,546,144,R,24,21,98,100
0107.jpg,546,144,A,153,27,225,119
0107.jpg,546,144,C,254,51,331,135
0107.jpg,546,144,D,323,26,396,107
0107.jpg,546,144,L,464,22,537,104
0108.jpg,546,144,H,47,35,125,118
0108.jpg,546,144,J,217,50,273,136
0108.jpg,546,144,G,314,3,377,70
0108.jpg,546,144,M,386,34,477,111
0108.jpg,546,144,R,487,20,546,101
0109.jpg,546,144,V,7,54,72,119
0109.jpg,546,144,D,137,7,230,83
0109.jpg,546,144,P,294,1,357,65
0109.jpg,546,144,H,377,14,443,82
0109.jpg,546,144,A,461,51,542,128
011.jpg,546,144,L,45,46,115,130
011.jpg,546,144,X,133,4,210,88
011.jpg,546,144,S,254,47,320,116
011.jpg,546,144,M,351,38,443,118
011.jpg,546,144,P,447,5,505,67
0110.jpg,546,144,X,13,40,87,134
0110.jpg,546,144,I,135,24,185,99
0110.jpg,546,144,F,267,10,338,88
0110.jpg,546,144,O,335,1,413,82
0110.jpg,546,144,K,475,32,546,127
0111.jpg,546,144,N,48,44,124,125
0111.jpg,546,144,F,153,61,229,140
0111.jpg,546,144,S,280,1,337,67
0111.jpg,546,144,B,361,22,429,102
0111.jpg,546,144,F,427,43,496,122
0112.jpg,546,144,R,47,34,133,130
0112.jpg,546,144,C,204,38,280,121
0112.jpg,546,144,H,327,44,394,139
0112.jpg,546,144,S,415,20,487,81
0112.jpg,546,144,N,474,23,546,105
0113.jpg,546,144,H,16,46,107,129
0113.jpg,546,144,H,121,52,211,139
0113.jpg,546,144,U,220,6,296,73
0113.jpg,546,144,Z,332,49,404,131
0113.jpg,546,144,K,403,49,474,114
0114.jpg,546,144,X,16,21,136,109
0114.jpg,546,144,F,207,4,294,88
0114.jpg,546,144,T,320,49,412,133
0114.jpg,546,144,B,419,55,489,122
0114.jpg,546,144,D,479,18,546,90
0115.jpg,546,144,D,77,25,146,113
0115.jpg,546,144,B,218,4,293,83
0115.jpg,546,144,Z,290,18,371,100
0115.jpg,546,144,L,391,36,455,118
0115.jpg,546,144,W,474,63,539,130
0116.jpg,546,144,O,20,44,81,114
0116.jpg,546,144,Y,134,41,215,123
0116.jpg,546,144,R,206,48,271,118
0116.jpg,546,144,R,300,55,380,140
0116.jpg,546,144,B,417,76,478,143
0117.jpg,546,144,Q,69,8,124,90
0117.jpg,546,144,V,139,53,201,117
0117.jpg,546,144,X,211,37,300,142
0117.jpg,546,144,W,352,8,462,99
0117.jpg,546,144,F,474,24,545,96
0118.jpg,546,144,W,3,30,105,110
0118.jpg,546,144,Q,128,40,206,135
0118.jpg,546,144,Q,210,44,289,142
0118.jpg,546,144,K,307,43,390,125
0118.jpg,546,144,O,454,61,516,132
0119.jpg,546,144,E,5,16,77,100
0119.jpg,546,144,Z,139,49,204,115
0119.jpg,546,144,R,250,33,337,116
0119.jpg,546,144,E,354,30,418,107
0119.jpg,546,144,X,431,76,504,144
012.jpg,546,144,I,74,29,130,110
012.jpg,546,144,U,205,30,281,115
012.jpg,546,144,G,302,59,359,136
012.jpg,546,144,A,393,30,464,113
012.jpg,546,144,K,465,49,530,135
0120.jpg,546,144,S,45,54,123,136
0120.jpg,546,144,A,194,7,272,91
0120.jpg,546,144,Z,322,76,382,142
0120.jpg,546,144,L,382,23,441,109
0120.jpg,546,144,O,443,67,509,135
0121.jpg,546,144,R,19,52,86,119
0121.jpg,546,144,O,132,6,212,94
0121.jpg,546,144,V,247,40,315,107
0121.jpg,546,144,G,378,55,461,136
0121.jpg,546,144,N,472,19,544,119
0122.jpg,546,144,M,8,66,89,137
0122.jpg,546,144,U,148,1,225,63
0122.jpg,546,144,N,282,14,370,100
0122.jpg,546,144,F,397,15,480,83
0122.jpg,546,144,E,483,41,546,124
0123.jpg,546,144,P,7,33,78,113
0123.jpg,546,144,I,111,56,164,136
0123.jpg,546,144,Q,165,13,249,106
0123.jpg,546,144,D,311,62,384,140
0123.jpg,546,144,Z,394,47,482,127
0124.jpg,546,144,O,50,1,132,76
0124.jpg,546,144,O,181,65,246,134
0124.jpg,546,144,Y,242,1,327,70
0124.jpg,546,144,Y,377,22,435,92
0124.jpg,546,144,L,424,32,486,112
0125.jpg,546,144,W,45,30,132,103
0125.jpg,546,144,J,119,56,182,134
0125.jpg,546,144,K,247,39,322,107
0125.jpg,546,144,Q,361,24,443,123
0125.jpg,546,144,P,480,28,546,117
0126.jpg,546,144,H,19,28,93,121
0126.jpg,546,144,A,102,13,176,101
0126.jpg,546,144,O,206,75,269,143
0126.jpg,546,144,L,293,1,356,66
0126.jpg,546,144,Y,372,30,445,113
0127.jpg,546,144,V,87,49,150,116
0127.jpg,546,144,T,219,54,280,134
0127.jpg,546,144,U,324,38,394,129
0127.jpg,546,144,R,398,9,468,88
0127.jpg,546,144,C,465,1,540,86
0128.jpg,546,144,N,28,35,101,135
0128.jpg,546,144,D,147,11,222,96
0128.jpg,546,144,R,269,32,344,114
0128.jpg,546,144,A,398,62,477,127
0128.jpg,546,144,O,475,1,546,76
0129.jpg,546,144,Y,16,1,91,84
0129.jpg,546,144,T,150,55,236,136
0129.jpg,546,144,U,261,18,335,102
0129.jpg,546,144,O,351,35,429,120
0129.jpg,546,144,N,458,62,538,143
013.jpg,546,144,G,24,74,88,141
013.jpg,546,144,I,157,60,234,122
013.jpg,546,144,Q,255,24,334,107
013.jpg,546,144,G,330,56,393,116
013.jpg,546,144,W,426,50,496,116
0130.jpg,546,144,C,46,62,117,144
0130.jpg,546,144,Z,156,6,228,98
0130.jpg,546,144,U,291,23,370,94
0130.jpg,546,144,B,393,19,466,101
0130.jpg,546,144,J,459,43,529,115
0131.jpg,546,144,Y,34,1,96,63
0131.jpg,546,144,B,95,24,168,115
0131.jpg,546,144,H,233,56,304,126
0131.jpg,546,144,A,353,58,426,124
0131.jpg,546,144,R,436,15,526,102
0132.jpg,546,144,Q,64,1,153,105
0132.jpg,546,144,E,173,60,248,141
0132.jpg,546,144,G,291,78,367,140
0132.jpg,546,144,W,380,8,494,105
0132.jpg,546,144,V,484,32,546,120
0133.jpg,546,144,B,1,13,83,84
0133.jpg,546,144,Y,92,65,156,143
0133.jpg,546,144,O,248,16,310,88
0133.jpg,546,144,W,320,37,428,129
0133.jpg,546,144,E,452,24,528,130
0134.jpg,546,144,K,45,69,115,137
0134.jpg,546,144,M,172,34,254,107
0134.jpg,546,144,J,296,60,357,143
0134.jpg,546,144,B,399,21,480,101
0134.jpg,546,144,U,459,45,546,128
0135.jpg,546,144,U,58,56,122,137
0135.jpg,546,144,J,162,10,221,99
0135.jpg,546,144,D,254,8,336,89
0135.jpg,546,144,L,388,38,440,118
0135.jpg,546,144,V,440,38,508,118
0136.jpg,546,144,Y,36,6,109,89
0136.jpg,546,144,F,102,57,191,125
0136.jpg,546,144,G,196,8,268,90
0136.jpg,546,144,O,285,29,364,112
0136.jpg,546,144,E,400,62,474,144
0137.jpg,546,144,H,51,16,109,97
0137.jpg,546,144,D,186,13,278,94
0137.jpg,546,144,O,281,65,353,143
0137.jpg,546,144,I,366,63,422,142
0137.jpg,546,144,R,458,42,537,129
0138.jpg,546,144,L,94,3,153,81
0138.jpg,546,144,C,169,62,233,134
0138.jpg,546,144,O,252,45,331,128
0138.jpg,546,144,N,380,54,461,137
0138.jpg,546,144,G,473,10,546,86
0139.jpg,546,144,W,74,57,142,125
0139.jpg,546,144,G,150,18,226,109
0139.jpg,546,144,Y,303,7,377,95
0139.jpg,546,144,W,413,32,512,112
0139.jpg,546,144,J,499,26,546,105
014.jpg,546,144,Q,26,11,101,106
014.jpg,546,144,D,126,72,191,136
014.jpg,546,144,B,246,46,328,128
014.jpg,546,144,L,355,43,417,126
014.jpg,546,144,P,442,1,496,76
0140.jpg,546,144,P,54,14,112,102
0140.jpg,546,144,J,188,72,254,137
0140.jpg,546,144,M,298,7,377,98
0140.jpg,546,144,D,429,11,509,88
0140.jpg,546,144,N,479,34,546,133
0141.jpg,546,144,N,4,16,74,93
0141.jpg,546,144,U,124,54,208,142
0141.jpg,546,144,X,234,11,315,80
0141.jpg,546,144,Y,327,25,415,108
0141.jpg,546,144,T,447,8,521,95
0142.jpg,546,144,C,1,2,72,80
0142.jpg,546,144,K,74,12,153,94
0142.jpg,546,144,F,170,21,225,117
0142.jpg,546,144,G,307,56,387,133
0142.jpg,546,144,R,427,27,511,120
0143.jpg,546,144,R,58,61,132,144
0143.jpg,546,144,R,142,7,212,100
0143.jpg,546,144,P,256,38,346,101
0143.jpg,546,144,D,367,38,447,122
0143.jpg,546,144,Y,461,41,532,125
0144.jpg,546,144,P,28,46,103,131
0144.jpg,546,144,Y,133,11,196,76
0144.jpg,546,144,W,222,27,321,124
0144.jpg,546,144,X,319,53,399,135
0144.jpg,546,144,W,442,60,518,125
0145.jpg,546,144,X,56,7,136,108
0145.jpg,546,144,Z,198,61,253,124
0145.jpg,546,144,A,257,35,317,119
0145.jpg,546,144,U,358,18,423,107
0145.jpg,546,144,P,433,5,508,78
0146.jpg,546,144,M,22,49,109,132
0146.jpg,546,144,Y,187,35,247,118
0146.jpg,546,144,M,285,25,374,104
0146.jpg,546,144,G,394,52,462,130
0146.jpg,546,144,V,459,34,513,100
0147.jpg,546,144,C,73,4,132,70
0147.jpg,546,144,C,124,56,197,142
0147.jpg,546,144,Q,246,3,321,88
0147.jpg,546,144,U,342,23,418,111
0147.jpg,546,144,S,447,42,528,123
0148.jpg,546,144,I,45,11,97,95
0148.jpg,546,144,L,141,43,204,124
0148.jpg,546,144,O,247,44,325,121
0148.jpg,546,144,H,316,80,383,144
0148.jpg,546,144,R,409,73,475,136
0149.jpg,546,144,U,33,3,105,74
0149.jpg,546,144,I,171,18,216,98
0149.jpg,546,144,Z,196,31,266,111
0149.jpg,546,144,J,260,35,327,102
0149.jpg,546,144,C,325,62,403,143
015.jpg,546,144,L,46,47,107,130
015.jpg,546,144,H,162,26,245,134
015.jpg,546,144,J,312,52,370,131
015.jpg,546,144,E,365,29,440,110
015.jpg,546,144,U,458,2,524,94
0150.jpg,546,144,K,35,33,112,118
0150.jpg,546,144,S,180,35,249,119
0150.jpg,546,144,D,275,62,352,143
0150.jpg,546,144,R,385,49,451,130
0150.jpg,546,144,I,474,51,527,138
0151.jpg,546,144,W,83,76,152,142
0151.jpg,546,144,J,206,41,263,130
0151.jpg,546,144,V,267,33,331,115
0151.jpg,546,144,C,356,8,429,88
0151.jpg,546,144,E,473,48,542,126
0152.jpg,546,144,W,91,28,160,92
0152.jpg,546,144,D,147,6,225,88
0152.jpg,546,144,L,286,25,346,106
0152.jpg,546,144,S,404,46,459,126
0152.jpg,546,144,T,464,46,539,130
0153.jpg,546,144,X,62,42,143,125
0153.jpg,546,144,P,167,36,236,116
0153.jpg,546,144,L,269,18,329,100
0153.jpg,546,144,V,420,67,477,132
0153.jpg,546,144,J,369,31,429,108
0154.jpg,546,144,C,28,1,88,65
0154.jpg,546,144,M,81,59,152,130
0154.jpg,546,144,H,245,64,319,136
0154.jpg,546,144,L,374,9,438,86
0154.jpg,546,144,V,473,3,544,86
0155.jpg,546,144,D,77,13,139,75
0155.jpg,546,144,J,207,18,256,100
0155.jpg,546,144,G,253,57,319,134
0155.jpg,546,144,G,321,1,398,75
0155.jpg,546,144,G,408,51,477,132
0156.jpg,546,144,W,41,40,152,128
0156.jpg,546,144,G,172,29,222,105
0156.jpg,546,144,V,264,19,333,101
0156.jpg,546,144,E,348,36,422,121
0156.jpg,546,144,L,443,2,512,91
0157.jpg,546,144,K,55,1,124,64
0157.jpg,546,144,D,185,19,269,103
0157.jpg,546,144,V,311,36,391,121
0157.jpg,546,144,R,397,24,488,117
0157.jpg,546,144,H,462,62,546,141
0158.jpg,546,144,A,1,61,66,138
0158.jpg,546,144,P,127,3,213,69
0158.jpg,546,144,Z,237,7,321,88
0158.jpg,546,144,Y,339,2,410,89
0158.jpg,546,144,H,439,39,513,108
0159.jpg,546,144,M,79,4,161,96
0159.jpg,546,144,B,212,76,281,143
0159.jpg,546,144,K,274,4,341,100
0159.jpg,546,144,A,375,63,447,143
0159.jpg,546,144,A,459,25,543,97
016.jpg,546,144,A,81,1,156,79
016.jpg,546,144,C,206,32,282,94
016.jpg,546,144,B,318,5,397,71
016.jpg,546,144,D,393,41,482,117
016.jpg,546,144,S,487,25,546,113
0160.jpg,546,144,L,62,54,132,129
0160.jpg,546,144,O,163,21,241,102
0160.jpg,546,144,V,247,61,317,138
0160.jpg,546,144,G,341,30,421,111
0160.jpg,546,144,B,437,30,501,112
0161.jpg,546,144,G,31,1,104,86
0161.jpg,546,144,K,162,8,254,98
0161.jpg,546,144,Q,291,20,367,117
0161.jpg,546,144,J,408,26,467,108
0161.jpg,546,144,U,473,9,546,96
0162.jpg,546,144,E,80,28,152,114
0162.jpg,546,144,Z,197,20,259,82
0162.jpg,546,144,Q,255,58,332,142
0162.jpg,546,144,T,355,35,440,100
0162.jpg,546,144,Z,458,23,525,96
0163.jpg,546,144,Q,62,34,140,115
0163.jpg,546,144,X,136,31,216,112
0163.jpg,546,144,N,297,20,380,99
0163.jpg,546,144,J,376,45,431,123
0163.jpg,546,144,I,419,40,467,118
0164.jpg,546,144,D,84,30,166,110
0164.jpg,546,144,G,163,34,220,99
0164.jpg,546,144,R,268,26,363,114
0164.jpg,546,144,P,381,1,456,77
0164.jpg,546,144,P,478,60,546,142
0165.jpg,546,144,E,49,32,119,95
0165.jpg,546,144,Z,188,54,262,144
0165.jpg,546,144,K,321,1,384,74
0165.jpg,546,144,B,392,54,455,129
0165.jpg,546,144,R,478,35,542,104
0166.jpg,546,144,D,30,60,108,144
0166.jpg,546,144,T,164,39,231,101
0166.jpg,546,144,L,215,62,273,121
0166.jpg,546,144,H,328,1,413,82
0166.jpg,546,144,V,468,34,542,121
0167.jpg,546,144,E,48,1,127,80
0167.jpg,546,144,D,154,15,237,92
0167.jpg,546,144,V,274,49,333,123
0167.jpg,546,144,M,368,58,446,142
0167.jpg,546,144,I,470,15,525,107
0168.jpg,546,144,C,70,1,146,66
0168.jpg,546,144,R,150,62,217,140
0168.jpg,546,144,Y,210,61,280,142
0168.jpg,546,144,G,369,7,431,82
0168.jpg,546,144,E,428,57,485,134
0169.jpg,546,144,Z,26,53,116,142
0169.jpg,546,144,G,139,21,212,101
0169.jpg,546,144,G,223,62,286,140
0169.jpg,546,144,Q,329,38,411,124
0169.jpg,546,144,D,409,32,483,115
017.jpg,546,144,R,17,51,93,131
017.jpg,546,144,P,110,26,180,105
017.jpg,546,144,E,252,18,339,97
017.jpg,546,144,V,351,55,418,135
017.jpg,546,144,O,425,28,477,100
0170.jpg,546,144,M,22,24,101,95
0170.jpg,546,144,H,155,25,237,108
0170.jpg,546,144,W,259,45,356,124
0170.jpg,546,144,R,354,22,417,107
0170.jpg,546,144,V,416,53,479,121
018.jpg,546,144,Y,1,43,53,104
018.jpg,546,144,O,52,57,129,143
018.jpg,546,144,X,209,15,309,107
018.jpg,546,144,F,319,23,386,88
018.jpg,546,144,A,428,1,500,70
019.jpg,546,144,P,34,35,106,118
019.jpg,546,144,S,145,13,219,96
019.jpg,546,144,N,205,61,281,142
019.jpg,546,144,I,274,59,350,122
019.jpg,546,144,L,379,32,441,111
02.jpg,546,144,O,52,33,112,104
02.jpg,546,144,J,114,43,180,126
02.jpg,546,144,K,242,1,334,81
02.jpg,546,144,P,390,54,455,144
02.jpg,546,144,O,467,36,546,122
020.jpg,546,144,D,3,50,77,129
020.jpg,546,144,Y,92,45,157,122
020.jpg,546,144,M,177,5,252,82
020.jpg,546,144,Z,260,4,344,86
020.jpg,546,144,G,452,41,521,109
021.jpg,546,144,H,14,65,78,131
021.jpg,546,144,Z,157,1,238,79
021.jpg,546,144,G,275,44,357,127
021.jpg,546,144,R,394,54,471,136
021.jpg,546,144,W,467,1,546,110
022.jpg,546,144,X,56,18,139,101
022.jpg,546,144,N,195,37,274,118
022.jpg,546,144,I,272,1,307,80
022.jpg,546,144,J,345,1,392,81
022.jpg,546,144,D,475,51,529,113
023.jpg,546,144,E,38,45,117,126
023.jpg,546,144,O,115,39,195,120
023.jpg,546,144,Z,209,52,284,117
023.jpg,546,144,Q,368,43,433,121
023.jpg,546,144,J,449,19,512,105
024.jpg,546,144,D,71,1,138,79
024.jpg,546,144,P,217,64,281,129
024.jpg,546,144,R,309,16,381,93
024.jpg,546,144,W,395,31,460,95
024.jpg,546,144,P,458,9,517,72
025.jpg,546,144,Q,53,43,128,141
025.jpg,546,144,Y,159,32,220,114
025.jpg,546,144,F,280,17,338,82
025.jpg,546,144,J,349,44,413,126
025.jpg,546,144,Y,445,13,516,93
026.jpg,546,144,K,92,15,163,97
026.jpg,546,144,D,193,18,249,83
026.jpg,546,144,L,270,18,335,100
026.jpg,546,144,H,361,61,449,142
026.jpg,546,144,F,475,33,544,103
027.jpg,546,144,M,50,19,137,91
027.jpg,546,144,H,170,63,249,142
027.jpg,546,144,B,320,26,378,97
027.jpg,546,144,O,377,64,460,143
027.jpg,546,144,P,470,1,546,80
028.jpg,546,144,M,77,53,160,125
028.jpg,546,144,E,231,14,303,93
028.jpg,546,144,Y,305,4,372,84
028.jpg,546,144,P,386,30,465,98
028.jpg,546,144,D,474,49,535,113
029.jpg,546,144,D,10,55,73,126
029.jpg,546,144,I,114,71,171,135
029.jpg,546,144,D,213,4,296,82
029.jpg,546,144,X,308,1,392,79
029.jpg,546,144,Y,420,46,488,131
03.jpg,546,144,E,93,49,168,129
03.jpg,546,144,X,164,1,248,85
03.jpg,546,144,K,281,58,354,126
03.jpg,546,144,M,400,26,472,92
03.jpg,546,144,Y,471,2,539,81
030.jpg,546,144,J,66,12,130,99
030.jpg,546,144,O,172,15,236,86
030.jpg,546,144,Z,229,32,328,123
030.jpg,546,144,E,345,36,447,126
030.jpg,546,144,W,448,18,546,99
031.jpg,546,144,D,66,31,127,98
031.jpg,546,144,D,194,36,256,100
031.jpg,546,144,D,295,54,353,123
031.jpg,546,144,H,356,44,449,128
031.jpg,546,144,N,449,1,510,63
032.jpg,546,144,Y,50,19,120,100
032.jpg,546,144,J,126,79,188,144
032.jpg,546,144,I,193,25,259,105
032.jpg,546,144,R,349,34,434,127
032.jpg,546,144,Q,473,36,546,126
033.jpg,546,144,V,47,41,124,117
033.jpg,546,144,T,138,20,209,109
033.jpg,546,144,E,262,3,353,79
033.jpg,546,144,H,367,51,447,119
033.jpg,546,144,C,463,3,546,97
034.jpg,546,144,A,65,44,135,124
034.jpg,546,144,Q,179,3,256,101
034.jpg,546,144,H,253,4,316,82
034.jpg,546,144,V,391,63,464,141
034.jpg,546,144,H,445,20,526,102
035.jpg,546,144,H,28,18,122,102
035.jpg,546,144,R,167,57,238,131
035.jpg,546,144,J,309,34,364,111
035.jpg,546,144,K,356,1,417,78
035.jpg,546,144,Q,416,12,502,109
036.jpg,546,144,D,39,12,115,110
036.jpg,546,144,E,213,41,291,126
036.jpg,546,144,R,324,9,395,86
036.jpg,546,144,J,435,3,492,85
036.jpg,546,144,J,496,9,544,95
037.jpg,546,144,A,32,10,97,98
037.jpg,546,144,E,114,56,181,120
037.jpg,546,144,V,225,59,305,140
037.jpg,546,144,P,381,42,443,136
037.jpg,546,144,R,483,48,544,110
038.jpg,546,144,Y,1,18,52,81
038.jpg,546,144,L,78,17,138,96
038.jpg,546,144,Q,152,2,218,86
038.jpg,546,144,U,231,72,301,140
038.jpg,546,144,Q,370,1,467,87
039.jpg,546,144,E,22,54,112,142
039.jpg,546,144,N,122,50,182,134
039.jpg,546,144,Y,228,36,307,108
039.jpg,546,144,I,361,54,427,119
039.jpg,546,144,N,433,18,512,102
04.jpg,546,144,B,56,1,132,72
04.jpg,546,144,E,141,56,218,138
04.jpg,546,144,E,251,60,320,122
04.jpg,546,144,S,316,55,377,129
04.jpg,546,144,H,416,44,510,129
040.jpg,546,144,G,11,71,75,143
040.jpg,546,144,M,108,12,203,122
040.jpg,546,144,W,280,8,351,76
040.jpg,546,144,F,376,48,450,130
040.jpg,546,144,S,462,54,538,140
041.jpg,546,144,C,5,18,82,97
041.jpg,546,144,V,89,55,180,135
041.jpg,546,144,R,248,24,331,110
041.jpg,546,144,J,375,43,437,129
041.jpg,546,144,I,471,67,527,132
042.jpg,546,144,B,13,14,105,101
042.jpg,546,144,W,168,1,273,84
042.jpg,546,144,J,327,38,381,119
042.jpg,546,144,Q,387,1,467,95
042.jpg,546,144,O,477,76,542,144
043.jpg,546,144,R,51,29,124,117
043.jpg,546,144,D,199,39,297,119
043.jpg,546,144,B,324,12,391,94
043.jpg,546,144,G,422,19,494,97
043.jpg,546,144,P,478,38,542,118
044.jpg,546,144,T,79,29,154,111
044.jpg,546,144,R,192,53,262,135
044.jpg,546,144,O,277,36,351,121
044.jpg,546,144,X,345,20,418,101
044.jpg,546,144,L,436,45,495,126
045.jpg,546,144,T,79,65,139,131
045.jpg,546,144,E,149,54,222,138
045.jpg,546,144,O,251,1,316,62
045.jpg,546,144,O,370,1,428,73
045.jpg,546,144,N,439,22,519,127
046.jpg,546,144,M,60,1,145,83
046.jpg,546,144,H,178,51,250,131
046.jpg,546,144,J,264,1,327,82
046.jpg,546,144,H,341,30,421,118
046.jpg,546,144,I,446,22,502,91
047.jpg,546,144,Y,1,25,56,89
047.jpg,546,144,Q,114,10,192,104
047.jpg,546,144,T,245,19,314,83
047.jpg,546,144,L,335,56,396,129
047.jpg,546,144,W,443,12,541,93
048.jpg,546,144,N,67,16,156,100
048.jpg,546,144,Q,209,33,300,133
048.jpg,546,144,P,362,47,432,130
048.jpg,546,144,R,431,12,494,90
048.jpg,546,144,C,481,49,546,133
049.jpg,546,144,V,64,3,142,83
049.jpg,546,144,P,148,32,212,122
049.jpg,546,144,R,292,18,354,90
049.jpg,546,144,H,360,46,435,124
049.jpg,546,144,A,441,42,510,111
05.jpg,546,144,A,8,23,82,111
05.jpg,546,144,W,188,32,277,120
05.jpg,546,144,O,299,61,386,134
05.jpg,546,144,G,413,52,481,132
05.jpg,546,144,J,481,11,536,79
050.jpg,546,144,A,81,3,153,82
050.jpg,546,144,A,266,16,336,94
050.jpg,546,144,L,135,75,198,136
050.jpg,546,144,S,345,39,407,120
050.jpg,546,144,F,427,1,498,65
051.jpg,546,144,U,1,11,80,97
051.jpg,546,144,K,137,16,214,94
051.jpg,546,144,P,252,22,322,99
051.jpg,546,144,B,334,58,413,139
051.jpg,546,144,G,423,54,498,137
052.jpg,546,144,T,4,48,77,132
052.jpg,546,144,K,153,6,231,87
052.jpg,546,144,Q,373,13,455,115
052.jpg,546,144,O,284,16,366,100
052.jpg,546,144,V,465,64,536,144
053.jpg,546,144,V,37,19,103,85
053.jpg,546,144,X,93,55,174,139
053.jpg,546,144,B,184,7,257,90
053.jpg,546,144,H,278,43,367,122
053.jpg,546,144,G,387,3,470,82
054.jpg,546,144,U,64,27,128,122
054.jpg,546,144,E,183,43,248,123
054.jpg,546,144,L,254,56,308,118
054.jpg,546,144,X,364,11,417,79
054.jpg,546,144,Q,424,1,508,96
055.jpg,546,144,B,9,27,77,106
055.jpg,546,144,M,122,33,194,135
055.jpg,546,144,K,248,49,310,111
055.jpg,546,144,L,313,4,366,83
055.jpg,546,144,E,454,31,512,98
056.jpg,546,144,B,44,36,128,113
056.jpg,546,144,W,167,18,279,111
056.jpg,546,144,H,281,56,339,115
056.jpg,546,144,V,396,53,460,117
056.jpg,546,144,R,456,14,530,94
057.jpg,546,144,F,1,9,68,73
057.jpg,546,144,H,112,55,197,144
057.jpg,546,144,C,228,58,306,140
057.jpg,546,144,N,377,36,447,103
057.jpg,546,144,D,467,73,527,138
058.jpg,546,144,M,3,14,81,103
058.jpg,546,144,W,149,14,257,94
058.jpg,546,144,F,274,3,359,74
058.jpg,546,144,L,394,18,461,90
058.jpg,546,144,H,465,77,529,142
059.jpg,546,144,Y,28,11,92,103
059.jpg,546,144,Q,176,58,238,138
059.jpg,546,144,N,242,37,312,131
059.jpg,546,144,F,323,51,392,135
059.jpg,546,144,R,444,2,517,81
06.jpg,546,144,A,58,3,132,93
06.jpg,546,144,E,162,9,247,89
06.jpg,546,144,I,282,44,339,125
06.jpg,546,144,C,372,26,432,96
06.jpg,546,144,F,443,39,511,101
060.jpg,546,144,M,53,20,140,101
060.jpg,546,144,V,132,55,192,117
060.jpg,546,144,Z,273,51,341,133
060.jpg,546,144,A,359,50,432,129
060.jpg,546,144,D,440,25,522,106
061.jpg,546,144,E,19,1,75,67
061.jpg,546,144,F,71,53,147,135
061.jpg,546,144,V,163,35,226,123
061.jpg,546,144,J,284,22,369,95
061.jpg,546,144,P,437,43,514,123
062.jpg,546,144,K,10,50,119,136
062.jpg,546,144,Z,193,8,258,107
062.jpg,546,144,X,296,37,377,118
062.jpg,546,144,Q,372,34,446,129
062.jpg,546,144,T,471,64,538,131
063.jpg,546,144,H,81,41,147,110
063.jpg,546,144,A,204,7,273,69
063.jpg,546,144,K,268,63,335,130
063.jpg,546,144,P,338,43,412,117
063.jpg,546,144,B,438,50,511,136
064.jpg,546,144,H,40,35,118,138
064.jpg,546,144,M,199,46,278,118
064.jpg,546,144,L,315,23,397,108
064.jpg,546,144,G,426,51,505,134
064.jpg,546,144,D,488,9,546,85
065.jpg,546,144,I,19,44,51,125
065.jpg,546,144,B,69,62,130,124
065.jpg,546,144,L,212,75,272,140
065.jpg,546,144,H,295,1,370,62
065.jpg,546,144,L,408,12,472,84
066.jpg,546,144,Q,55,8,135,103
066.jpg,546,144,X,126,51,196,135
066.jpg,546,144,Q,289,43,353,116
066.jpg,546,144,V,362,37,436,118
066.jpg,546,144,F,436,10,505,87
067.jpg,546,144,E,38,51,111,132
067.jpg,546,144,K,158,50,240,131
067.jpg,546,144,G,268,63,357,141
067.jpg,546,144,M,377,13,469,96
067.jpg,546,144,B,473,28,539,106
068.jpg,546,144,W,1,3,98,81
068.jpg,546,144,O,130,69,191,138
068.jpg,546,144,Z,235,51,321,138
068.jpg,546,144,K,352,7,433,90
068.jpg,546,144,Z,489,19,541,92
069.jpg,546,144,W,17,31,110,139
069.jpg,546,144,D,150,17,223,82
069.jpg,546,144,E,247,8,317,89
069.jpg,546,144,C,386,14,460,96
069.jpg,546,144,A,464,31,537,110
07.jpg,546,144,C,54,4,129,82
07.jpg,546,144,K,136,28,216,107
07.jpg,546,144,D,284,30,354,107
07.jpg,546,144,L,419,65,479,144
07.jpg,546,144,E,467,19,543,100
070.jpg,546,144,M,71,14,152,117
070.jpg,546,144,F,197,13,271,92
070.jpg,546,144,Q,329,64,401,140
070.jpg,546,144,Y,413,57,477,135
070.jpg,546,144,V,472,31,529,95
071.jpg,546,144,R,19,12,91,104
071.jpg,546,144,D,133,52,226,139
071.jpg,546,144,F,265,47,340,131
071.jpg,546,144,B,353,10,431,82
071.jpg,546,144,Z,475,53,546,137
072.jpg,546,144,H,50,78,113,143
072.jpg,546,144,C,124,64,185,131
072.jpg,546,144,K,244,10,338,93
072.jpg,546,144,G,399,57,474,137
072.jpg,546,144,V,475,27,544,107
073.jpg,546,144,Y,15,12,77,100
073.jpg,546,144,O,116,40,192,121
073.jpg,546,144,Y,246,39,317,126
073.jpg,546,144,C,356,14,425,98
073.jpg,546,144,N,449,10,540,92
074.jpg,546,144,Y,62,55,121,116
074.jpg,546,144,M,124,52,184,123
074.jpg,546,144,S,212,11,283,95
074.jpg,546,144,S,338,5,405,84
074.jpg,546,144,K,470,47,543,130
075.jpg,546,144,H,19,18,101,100
075.jpg,546,144,Q,140,4,216,88
075.jpg,546,144,Y,262,23,326,115
075.jpg,546,144,Y,338,8,420,88
075.jpg,546,144,E,411,35,477,101
076.jpg,546,144,S,71,22,129,89
076.jpg,546,144,R,161,23,222,92
076.jpg,546,144,A,301,47,374,134
076.jpg,546,144,D,419,14,477,76
076.jpg,546,144,Z,479,4,546,95
077.jpg,546,144,H,76,19,156,99
077.jpg,546,144,S,219,67,278,132
077.jpg,546,144,W,274,7,366,87
077.jpg,546,144,V,377,8,452,85
077.jpg,546,144,B,459,60,519,124
078.jpg,546,144,B,14,41,89,106
078.jpg,546,144,I,102,17,170,93
078.jpg,546,144,U,159,40,229,125
078.jpg,546,144,M,318,6,407,87
078.jpg,546,144,I,478,28,526,117
079.jpg,546,144,A,7,24,76,94
079.jpg,546,144,K,133,34,215,114
079.jpg,546,144,K,283,56,362,136
079.jpg,546,144,S,386,2,450,75
079.jpg,546,144,Z,457,36,542,117
08.jpg,546,144,W,18,33,127,126
08.jpg,546,144,H,162,9,266,93
08.jpg,546,144,B,287,14,349,81
08.jpg,546,144,D,366,17,436,96
08.jpg,546,144,C,447,1,504,69
080.jpg,546,144,P,63,60,118,131
080.jpg,546,144,K,143,48,227,133
080.jpg,546,144,E,294,63,359,123
080.jpg,546,144,P,412,40,477,119
080.jpg,546,144,E,483,21,546,115
081.jpg,546,144,G,17,24,96,109
081.jpg,546,144,F,121,45,194,111
081.jpg,546,144,X,201,39,303,130
081.jpg,546,144,H,296,18,379,100
081.jpg,546,144,N,433,1,518,84
082.jpg,546,144,T,65,59,135,135
082.jpg,546,144,N,109,65,192,140
082.jpg,546,144,R,247,8,319,89
082.jpg,546,144,T,325,60,395,144
082.jpg,546,144,T,444,62,522,143
083.jpg,546,144,Z,105,10,189,87
083.jpg,546,144,Z,369,26,435,111
083.jpg,546,144,C,49,1,109,71
083.jpg,546,144,N,265,46,347,130
083.jpg,546,144,Q,453,1,532,98
084.jpg,546,144,Y,19,19,84,85
084.jpg,546,144,Q,138,32,202,109
084.jpg,546,144,Q,203,23,276,109
084.jpg,546,144,F,287,59,352,124
084.jpg,546,144,B,464,7,540,87
085.jpg,546,144,X,7,17,90,103
085.jpg,546,144,S,124,11,204,96
085.jpg,546,144,G,254,1,321,75
085.jpg,546,144,K,339,62,414,144
085.jpg,546,144,S,421,9,496,87
086.jpg,546,144,R,80,24,151,112
086.jpg,546,144,W,209,28,275,96
086.jpg,546,144,M,329,55,403,118
086.jpg,546,144,J,427,54,491,128
086.jpg,546,144,Y,487,43,543,123
087.jpg,546,144,Z,55,7,122,98
087.jpg,546,144,T,158,1,221,67
087.jpg,546,144,T,228,61,316,137
087.jpg,546,144,S,356,17,420,85
087.jpg,546,144,P,429,51,500,131
088.jpg,546,144,X,79,36,169,121
088.jpg,546,144,S,191,38,247,116
088.jpg,546,144,L,322,15,380,84
088.jpg,546,144,N,393,59,471,127
088.jpg,546,144,A,472,53,546,136
089.jpg,546,144,G,20,13,93,96
089.jpg,546,144,P,129,44,206,122
089.jpg,546,144,S,262,3,324,86
089.jpg,546,144,I,325,63,381,143
089.jpg,546,144,N,382,43,471,127
09.jpg,546,144,M,40,43,114,135
09.jpg,546,144,X,192,16,298,107
09.jpg,546,144,H,324,49,405,133
09.jpg,546,144,Q,430,51,494,126
09.jpg,546,144,B,485,20,546,106
090.jpg,546,144,W,31,14,124,98
090.jpg,546,144,N,121,57,187,119
090.jpg,546,144,Y,239,3,299,89
090.jpg,546,144,I,334,78,382,141
090.jpg,546,144,C,461,53,526,119
091.jpg,546,144,A,12,9,83,89
091.jpg,546,144,T,126,20,190,100
091.jpg,546,144,U,176,57,260,139
091.jpg,546,144,Q,280,25,364,121
091.jpg,546,144,N,458,21,517,82
092.jpg,546,144,P,43,1,99,62
092.jpg,546,144,F,107,36,188,106
092.jpg,546,144,Z,245,7,337,98
092.jpg,546,144,T,337,30,402,120
092.jpg,546,144,M,447,19,534,103
093.jpg,546,144,Z,18,12,98,97
093.jpg,546,144,O,143,16,202,87
093.jpg,546,144,P,272,26,349,107
093.jpg,546,144,Y,388,3,458,89
093.jpg,546,144,V,475,59,537,144
094.jpg,546,144,A,7,37,82,130
094.jpg,546,144,T,108,63,171,129
094.jpg,546,144,A,239,21,318,100
094.jpg,546,144,O,382,40,455,129
094.jpg,546,144,U,475,12,541,88
095.jpg,546,144,A,57,1,127,79
095.jpg,546,144,J,194,62,242,142
095.jpg,546,144,J,283,18,344,92
095.jpg,546,144,K,338,20,398,82
095.jpg,546,144,D,397,21,454,81
096.jpg,546,144,L,61,33,112,111
096.jpg,546,144,A,180,4,252,82
096.jpg,546,144,O,301,80,366,140
096.jpg,546,144,F,408,5,475,68
096.jpg,546,144,M,472,70,538,143
097.jpg,546,144,T,35,55,104,134
097.jpg,546,144,A,172,42,247,122
097.jpg,546,144,C,269,14,331,84
097.jpg,546,144,J,382,9,454,95
097.jpg,546,144,J,478,43,539,129
098.jpg,546,144,Y,54,53,121,141
098.jpg,546,144,T,162,60,220,136
098.jpg,546,144,R,268,37,338,120
098.jpg,546,144,Q,377,15,459,113
098.jpg,546,144,D,460,36,523,98
099.jpg,546,144,J,35,42,104,126
099.jpg,546,144,B,108,17,174,83
099.jpg,546,144,I,201,15,278,79
099.jpg,546,144,V,294,43,378,131
099.jpg,546,144,B,374,62,441,142
10000.jpg,0,0,Q,4,3,17,17
10000.jpg,0,0,O,22,8,35,21
10000.jpg,0,0,R,36,2,48,16
10000.jpg,0,0,C,52,12,63,24
10000.jpg,0,0,N,62,6,77,20
99500.jpg,200,50,Y,66,1,91,28
99500.jpg,200,50,V,92,13,117,42
99500.jpg,200,50,T,118,1,141,28
99500.jpg,200,50,4,144,5,165,34
99501.jpg,200,50,4,72,18,94,46
99501.jpg,200,50,X,99,1,124,28
99501.jpg,200,50,W,125,6,160,34
99501.jpg,200,50,L,153,18,172,47
99502.jpg,200,50,5,48,5,67,34
99502.jpg,200,50,F,75,10,96,39
99502.jpg,200,50,P,101,9,123,38
99502.jpg,200,50,X,125,1,152,29
99503.jpg,200,50,E,26,17,50,46
99503.jpg,200,50,4,51,13,71,41
99503.jpg,200,50,F,78,12,100,41
99503.jpg,200,50,L,105,9,124,38
99504.jpg,200,50,W,11,13,45,42
99504.jpg,200,50,5,39,5,59,34
99504.jpg,200,50,6,64,1,84,26
99504.jpg,200,50,F,92,18,112,46
99505.jpg,200,50,5,53,16,72,45
99505.jpg,200,50,6,78,9,97,37
99505.jpg,200,50,V,104,1,128,27
99505.jpg,200,50,W,130,11,166,41
99506.jpg,200,50,A,27,6,53,34
99506.jpg,200,50,F,55,20,76,48
99506.jpg,200,50,M,80,20,109,49
99506.jpg,200,50,T,105,5,129,33
99507.jpg,200,50,L,66,19,87,49
99507.jpg,200,50,W,90,17,124,47
99507.jpg,200,50,K,118,3,143,34
99507.jpg,200,50,M,146,5,172,33
99508.jpg,200,50,T,53,19,76,49
99508.jpg,200,50,J,81,5,98,34
99508.jpg,200,50,K,107,2,132,30
99508.jpg,200,50,L,135,2,152,30
99509.jpg,200,50,H,51,8,73,37
99509.jpg,200,50,A,75,1,100,28
99509.jpg,200,50,R,104,10,127,37
99509.jpg,200,50,T,128,15,150,43
99510.jpg,200,50,3,42,1,60,27
99510.jpg,200,50,K,70,1,91,26
99510.jpg,200,50,J,93,5,111,32
99510.jpg,200,50,6,120,5,140,33
99511.jpg,200,50,J,25,11,43,38
99511.jpg,200,50,E,53,2,75,30
99511.jpg,200,50,M,79,8,107,36
99511.jpg,200,50,2,103,3,122,32
99512.jpg,200,50,H,33,13,55,41
99512.jpg,200,50,6,58,13,76,41
99512.jpg,200,50,H,85,10,108,38
99512.jpg,200,50,4,109,19,129,46
99513.jpg,200,50,K,5,17,28,44
99513.jpg,200,50,2,30,1,49,26
99513.jpg,200,50,X,55,14,80,44
99513.jpg,200,50,X,82,11,104,39
99514.jpg,200,50,K,33,6,55,34
99514.jpg,200,50,Y,57,11,81,39
99514.jpg,200,50,F,85,13,105,41
99514.jpg,200,50,H,111,1,134,29
99515.jpg,200,50,Y,53,9,77,37
99515.jpg,200,50,4,79,4,98,32
99515.jpg,200,50,A,105,1,132,29
99515.jpg,200,50,J,132,5,149,33
99516.jpg,200,50,Z,38,1,60,31
99516.jpg,200,50,C,65,4,88,32
99516.jpg,200,50,6,90,5,108,33
99516.jpg,200,50,W,115,14,150,43
99517.jpg,200,50,A,9,10,33,39
99517.jpg,200,50,A,35,1,60,29
99517.jpg,200,50,J,62,19,78,47
99517.jpg,200,50,3,87,15,105,43
99518.jpg,200,50,K,3,1,26,28
99518.jpg,200,50,6,27,18,44,46
99518.jpg,200,50,K,55,1,76,27
99518.jpg,200,50,3,80,13,96,39
99519.jpg,200,50,M,40,11,66,39
99519.jpg,200,50,T,63,1,86,27
99519.jpg,200,50,H,91,18,114,46
99519.jpg,200,50,W,115,2,150,30
99520.jpg,200,50,A,26,18,51,46
99520.jpg,200,50,A,52,4,77,33
99520.jpg,200,50,2,80,5,98,32
99520.jpg,200,50,F,106,17,126,45
99521.jpg,200,50,E,17,15,39,43
99521.jpg,200,50,5,43,8,61,35
99521.jpg,200,50,F,69,1,89,26
99521.jpg,200,50,T,93,5,116,34
99522.jpg,200,50,6,40,3,58,31
99522.jpg,200,50,Y,66,11,91,39
99522.jpg,200,50,P,94,1,116,29
99522.jpg,200,50,P,120,11,143,39
99523.jpg,200,50,6,68,2,86,29
99523.jpg,200,50,3,94,13,113,42
99523.jpg,200,50,M,121,5,149,35
99523.jpg,200,50,X,146,8,169,36
99524.jpg,200,50,Z,1,19,22,47
99524.jpg,200,50,C,27,7,50,34
99524.jpg,200,50,R,53,19,78,48
99524.jpg,200,50,6,78,8,97,36
99525.jpg,200,50,5,53,9,73,37
99525.jpg,200,50,A,78,2,103,32
99525.jpg,200,50,R,106,5,132,34
99525.jpg,200,50,6,131,1,149,27
99526.jpg,200,50,X,11,1,34,26
99526.jpg,200,50,W,35,9,70,37
99526.jpg,200,50,L,63,17,82,45
99526.jpg,200,50,4,88,1,107,28
99527.jpg,200,50,X,32,17,57,45
99527.jpg,200,50,A,59,20,83,48
99527.jpg,200,50,X,85,8,109,36
99527.jpg,200,50,R,112,12,138,40
99528.jpg,200,50,A,69,1,93,29
99528.jpg,200,50,H,96,8,119,36
99528.jpg,200,50,H,123,10,145,38
99528.jpg,200,50,Z,147,16,169,44
99529.jpg,200,50,L,67,10,86,38
99529.jpg,200,50,Z,92,19,114,47
99529.jpg,200,50,J,117,16,135,44
99529.jpg,200,50,K,144,19,169,47
99530.jpg,200,50,E,39,5,63,34
99530.jpg,200,50,V,65,1,89,26
99530.jpg,200,50,C,92,14,116,43
99530.jpg,200,50,Y,115,9,141,37
99531.jpg,200,50,5,62,11,80,39
99531.jpg,200,50,A,85,15,111,43
99531.jpg,200,50,T,113,7,137,35
99531.jpg,200,50,K,140,9,164,37
99532.jpg,200,50,4,16,5,35,32
99532.jpg,200,50,Z,43,1,65,27
99532.jpg,200,50,A,68,1,92,29
99532.jpg,200,50,5,95,2,114,31
99533.jpg,200,50,L,3,1,22,28
99533.jpg,200,50,J,28,9,44,36
99533.jpg,200,50,V,54,18,78,46
99533.jpg,200,50,Y,80,9,103,38
99534.jpg,200,50,5,60,12,78,40
99534.jpg,200,50,L,86,4,105,32
99534.jpg,200,50,Z,110,17,134,45
99534.jpg,200,50,5,137,1,159,26
99535.jpg,200,50,3,30,18,49,45
99535.jpg,200,50,Z,56,20,79,48
99535.jpg,200,50,3,82,10,100,37
99535.jpg,200,50,R,109,1,134,26
99536.jpg,200,50,M,30,3,57,31
99536.jpg,200,50,K,57,14,79,43
99536.jpg,200,50,K,83,1,106,28
99536.jpg,200,50,X,106,2,131,32
99537.jpg,200,50,F,64,14,83,42
99537.jpg,200,50,C,89,10,113,37
99537.jpg,200,50,F,115,4,136,32
99537.jpg,200,50,P,141,1,165,27
99538.jpg,200,50,X,14,11,38,39
99538.jpg,200,50,K,42,18,65,46
99538.jpg,200,50,Z,67,5,89,33
99538.jpg,200,50,P,94,9,115,36
99539.jpg,200,50,4,21,4,43,33
99539.jpg,200,50,6,48,7,67,34
99539.jpg,200,50,J,74,7,91,35
99539.jpg,200,50,K,101,17,125,45
99540.jpg,200,50,2,35,1,53,28
99540.jpg,200,50,C,62,1,85,26
99540.jpg,200,50,T,87,4,109,32
99540.jpg,200,50,P,114,19,137,46
99541.jpg,200,50,X,66,1,89,27
99541.jpg,200,50,P,93,12,114,41
99541.jpg,200,50,A,115,3,141,31
99541.jpg,200,50,H,144,11,167,39
99542.jpg,200,50,3,29,19,46,46
99542.jpg,200,50,5,55,7,73,34
99542.jpg,200,50,K,81,19,104,47
99542.jpg,200,50,Z,106,16,130,45
99543.jpg,200,50,4,26,1,45,27
99543.jpg,200,50,6,52,4,70,31
99543.jpg,200,50,4,76,1,98,29
99543.jpg,200,50,3,104,9,121,35
99544.jpg,200,50,6,63,6,82,34
99544.jpg,200,50,E,90,1,114,28
99544.jpg,200,50,A,114,1,139,27
99544.jpg,200,50,C,141,17,166,44
99545.jpg,200,50,Y,15,7,40,35
99545.jpg,200,50,K,44,11,66,38
99545.jpg,200,50,X,68,5,93,34
99545.jpg,200,50,X,95,18,118,46
99546.jpg,200,50,2,3,18,22,47
99546.jpg,200,50,W,29,1,62,27
99546.jpg,200,50,H,57,6,78,33
99546.jpg,200,50,V,80,15,106,45
99547.jpg,200,50,L,13,17,34,45
99547.jpg,200,50,6,38,16,57,44
99547.jpg,200,50,K,65,19,88,47
99547.jpg,200,50,M,91,11,119,38
99548.jpg,200,50,J,61,19,77,47
99548.jpg,200,50,L,88,19,107,47
99548.jpg,200,50,E,114,9,137,37
99548.jpg,200,50,X,138,4,164,32
99549.jpg,200,50,K,26,7,49,35
99549.jpg,200,50,3,51,6,69,33
99549.jpg,200,50,2,78,1,95,26
99549.jpg,200,50,Z,103,1,125,26
99550.jpg,200,50,Z,67,14,89,42
99550.jpg,200,50,2,93,20,111,47
99550.jpg,200,50,X,119,2,143,31
99550.jpg,200,50,H,146,1,168,29
99551.jpg,200,50,W,14,12,46,40
99551.jpg,200,50,R,43,12,67,40
99551.jpg,200,50,L,68,9,87,38
99551.jpg,200,50,X,92,5,118,35
99552.jpg,200,50,5,19,3,38,31
99552.jpg,200,50,4,45,9,64,39
99552.jpg,200,50,H,72,1,94,30
99552.jpg,200,50,K,97,12,123,42
99553.jpg,200,50,C,44,11,69,40
99553.jpg,200,50,L,70,6,91,35
99553.jpg,200,50,K,95,17,121,48
99553.jpg,200,50,5,121,17,143,45
99554.jpg,200,50,P,74,17,97,47
99554.jpg,200,50,C,101,17,124,45
99554.jpg,200,50,K,127,1,152,32
99554.jpg,200,50,3,151,6,171,34
99555.jpg,200,50,E,21,6,43,38
99555.jpg,200,50,W,44,20,79,49
99555.jpg,200,50,4,72,8,92,37
99555.jpg,200,50,Y,96,6,123,37
99556.jpg,200,50,F,8,11,29,41
99556.jpg,200,50,T,31,8,56,39
99556.jpg,200,50,F,59,16,80,46
99556.jpg,200,50,M,84,17,117,47
99557.jpg,200,50,K,8,4,32,34
99557.jpg,200,50,2,34,3,54,33
99557.jpg,200,50,F,60,12,83,42
99557.jpg,200,50,L,86,9,106,39
99558.jpg,200,50,L,32,12,52,42
99558.jpg,200,50,6,58,14,78,43
99558.jpg,200,50,V,82,13,108,44
99558.jpg,200,50,E,112,1,133,30
99559.jpg,200,50,H,73,10,97,39
99559.jpg,200,50,M,99,19,128,49
99559.jpg,200,50,C,125,20,149,48
99559.jpg,200,50,H,150,10,176,40
99560.jpg,200,50,V,62,19,88,49
99560.jpg,200,50,5,90,6,110,35
99560.jpg,200,50,X,115,15,142,44
99560.jpg,200,50,5,142,9,163,39
99561.jpg,200,50,A,5,3,31,34
99561.jpg,200,50,R,33,9,59,39
99561.jpg,200,50,T,57,3,81,33
99561.jpg,200,50,R,85,17,112,47
99562.jpg,200,50,3,5,1,24,29
99562.jpg,200,50,P,32,16,54,45
99562.jpg,200,50,A,56,14,81,44
99562.jpg,200,50,H,84,5,107,33
99563.jpg,200,50,H,62,14,85,43
99563.jpg,200,50,L,87,10,108,40
99563.jpg,200,50,X,110,7,140,37
99563.jpg,200,50,P,138,9,164,38
99564.jpg,200,50,P,8,9,32,39
99564.jpg,200,50,C,35,10,59,40
99564.jpg,200,50,P,60,2,83,32
99564.jpg,200,50,R,86,15,113,45
99565.jpg,200,50,A,67,7,93,37
99565.jpg,200,50,A,93,10,119,40
99565.jpg,200,50,J,118,10,138,39
99565.jpg,200,50,L,145,1,166,28
99566.jpg,200,50,Y,43,1,67,32
99566.jpg,200,50,M,69,14,98,44
99566.jpg,200,50,J,121,1,138,28
99566.jpg,200,50,V,94,1,120,31
99567.jpg,200,50,6,80,19,99,48
99567.jpg,200,50,2,105,12,128,42
99567.jpg,200,50,Y,27,13,52,42
99567.jpg,200,50,Y,51,2,78,31
99568.jpg,200,50,K,106,14,130,44
99568.jpg,200,50,M,79,2,107,30
99568.jpg,200,50,R,51,8,80,38
99568.jpg,200,50,6,129,13,149,42
99569.jpg,200,50,T,42,1,67,30
99569.jpg,200,50,R,71,7,97,38
99569.jpg,200,50,F,96,14,118,43
99569.jpg,200,50,X,119,8,150,38
99570.jpg,200,50,F,30,20,52,48
99570.jpg,200,50,W,55,18,89,47
99570.jpg,200,50,Z,82,1,106,29
99570.jpg,200,50,Z,107,1,131,27
99571.jpg,200,50,A,8,12,33,43
99571.jpg,200,50,C,35,1,60,31
99571.jpg,200,50,K,61,10,86,40
99571.jpg,200,50,2,86,18,106,48
99572.jpg,200,50,T,1,7,23,38
99572.jpg,200,50,W,25,16,59,46
99572.jpg,200,50,P,55,7,76,37
99572.jpg,200,50,Y,78,15,105,45
99573.jpg,200,50,H,8,4,33,34
99573.jpg,200,50,M,34,10,63,37
99573.jpg,200,50,J,59,13,77,40
99573.jpg,200,50,A,84,12,111,43
99574.jpg,200,50,3,24,12,44,40
99574.jpg,200,50,A,49,19,77,48
99574.jpg,200,50,Y,78,1,104,29
99574.jpg,200,50,C,103,9,128,39
99575.jpg,200,50,F,41,6,62,35
99575.jpg,200,50,A,64,1,91,31
99575.jpg,200,50,E,93,10,116,40
99575.jpg,200,50,L,118,19,141,49
99576.jpg,200,50,M,40,16,69,45
99576.jpg,200,50,2,67,4,85,32
99576.jpg,200,50,E,93,4,115,35
99576.jpg,200,50,H,118,7,143,36
99577.jpg,200,50,A,18,3,43,33
99577.jpg,200,50,K,44,9,70,40
99577.jpg,200,50,Z,70,5,94,35
99577.jpg,200,50,F,97,3,120,33
99578.jpg,200,50,W,57,16,92,46
99578.jpg,200,50,R,86,9,111,40
99578.jpg,200,50,Y,108,6,136,36
99578.jpg,200,50,X,136,17,162,45
99579.jpg,200,50,W,1,1,35,29
99579.jpg,200,50,C,29,1,52,30
99579.jpg,200,50,C,55,2,79,31
99579.jpg,200,50,E,80,5,105,35
99580.jpg,200,50,C,45,11,70,40
99580.jpg,200,50,L,70,6,91,36
99580.jpg,200,50,K,98,2,121,32
99580.jpg,200,50,A,120,5,148,36
99581.jpg,200,50,E,39,1,62,33
99581.jpg,200,50,M,65,13,92,40
99581.jpg,200,50,5,91,15,108,44
99581.jpg,200,50,L,116,14,137,44
99582.jpg,200,50,3,54,8,75,37
99582.jpg,200,50,E,81,4,106,34
99582.jpg,200,50,6,107,14,125,42
99582.jpg,200,50,T,130,15,157,46
99583.jpg,200,50,3,17,1,38,28
99583.jpg,200,50,V,44,9,69,39
99583.jpg,200,50,3,71,9,90,38
99583.jpg,200,50,E,96,1,125,30
99584.jpg,200,50,4,47,2,67,33
99584.jpg,200,50,R,74,1,100,29
99584.jpg,200,50,E,99,10,125,40
99584.jpg,200,50,K,126,13,152,43
99585.jpg,200,50,K,45,8,69,38
99585.jpg,200,50,6,71,1,91,27
99585.jpg,200,50,E,98,2,120,32
99585.jpg,200,50,K,123,2,149,32
99586.jpg,200,50,V,6,1,32,30
99586.jpg,200,50,2,33,14,54,43
99586.jpg,200,50,V,59,17,84,45
99586.jpg,200,50,C,87,11,111,39
99587.jpg,200,50,3,54,1,72,28
99587.jpg,200,50,3,79,1,98,30
99587.jpg,200,50,R,107,16,132,45
99587.jpg,200,50,M,134,17,161,46
99588.jpg,200,50,X,54,18,82,46
99588.jpg,200,50,J,81,4,98,34
99588.jpg,200,50,6,105,18,127,48
99588.jpg,200,50,R,134,12,160,43
99589.jpg,200,50,Z,1,17,23,46
99589.jpg,200,50,Z,27,1,48,27
99589.jpg,200,50,R,52,19,79,50
99589.jpg,200,50,L,78,2,98,32
99590.jpg,200,50,K,18,1,41,27
99590.jpg,200,50,M,43,10,71,40
99590.jpg,200,50,F,70,3,90,32
99590.jpg,200,50,H,94,10,120,42
99591.jpg,200,50,P,36,5,58,34
99591.jpg,200,50,Y,59,14,84,43
99591.jpg,200,50,Z,88,17,111,45
99591.jpg,200,50,4,111,14,134,41
99592.jpg,200,50,Y,61,14,86,42
99592.jpg,200,50,H,89,15,112,44
99592.jpg,200,50,F,115,17,135,46
99592.jpg,200,50,K,140,2,165,31
99593.jpg,200,50,E,3,7,25,37
99593.jpg,200,50,J,27,1,44,28
99593.jpg,200,50,L,54,1,78,29
99593.jpg,200,50,V,79,15,103,43
99594.jpg,200,50,A,40,19,64,49
99594.jpg,200,50,C,67,4,90,32
99594.jpg,200,50,3,92,17,109,45
99594.jpg,200,50,4,117,16,137,45
99595.jpg,200,50,K,2,3,25,31
99595.jpg,200,50,6,27,5,45,35
99595.jpg,200,50,3,53,7,71,35
99595.jpg,200,50,C,80,4,104,32
99596.jpg,200,50,4,55,10,76,39
99596.jpg,200,50,5,83,16,101,43
99596.jpg,200,50,5,108,1,130,27
99596.jpg,200,50,M,135,1,163,29
99597.jpg,200,50,4,1,15,20,44
99597.jpg,200,50,A,26,17,50,46
99597.jpg,200,50,6,53,9,71,38
99597.jpg,200,50,A,77,12,104,42
99598.jpg,200,50,6,7,20,25,48
99598.jpg,200,50,5,34,2,53,31
99598.jpg,200,50,P,61,5,82,34
99598.jpg,200,50,M,87,1,113,31
99599.jpg,200,50,X,51,10,77,41
99599.jpg,200,50,3,78,3,97,32
99599.jpg,200,50,C,105,11,131,40
99599.jpg,200,50,2,131,11,151,40
99600.jpg,200,50,3,55,1,75,28
99600.jpg,200,50,M,83,10,109,39
99600.jpg,200,50,K,109,11,132,39
99600.jpg,200,50,J,134,11,151,39
9966.jpg,0,0,R,4,10,16,24
9966.jpg,0,0,S,27,9,37,20
9966.jpg,0,0,Z,38,1,51,13
9966.jpg,0,0,M,55,3,69,17
9966.jpg,0,0,V,71,4,85,18
9967.jpg,0,0,Y,2,10,15,24
9967.jpg,0,0,J,23,5,31,19
9967.jpg,0,0,E,32,5,43,19
9967.jpg,0,0,K,45,11,55,22
9967.jpg,0,0,D,54,3,64,15
9968.jpg,0,0,B,14,6,26,20
9968.jpg,0,0,E,36,4,46,15
9968.jpg,0,0,Q,46,4,61,19
9968.jpg,0,0,A,67,10,80,23
9968.jpg,0,0,J,78,8,89,22
9969.jpg,0,0,W,8,2,24,19
9969.jpg,0,0,K,28,5,40,18
9969.jpg,0,0,N,54,4,66,19
9969.jpg,0,0,L,72,4,82,16
9969.jpg,0,0,T,75,6,91,19
9970.jpg,0,0,Q,12,1,24,12
9970.jpg,0,0,X,27,1,41,14
9970.jpg,0,0,M,44,2,61,16
9970.jpg,0,0,D,63,1,76,15
9970.jpg,0,0,G,75,2,90,16
9971.jpg,0,0,X,2,5,16,20
9971.jpg,0,0,M,26,2,41,15
9971.jpg,0,0,W,45,7,57,17
9971.jpg,0,0,F,66,9,78,19
9971.jpg,0,0,C,77,1,88,15
9972.jpg,0,0,S,14,2,25,16
9972.jpg,0,0,M,29,8,45,22
9972.jpg,0,0,U,50,2,62,18
9972.jpg,0,0,W,63,5,80,20
9972.jpg,0,0,R,79,3,89,14
9973.jpg,0,0,F,7,7,18,22
9973.jpg,0,0,C,18,8,30,21
9973.jpg,0,0,X,34,1,48,15
9973.jpg,0,0,C,63,6,75,20
9973.jpg,0,0,S,79,7,88,19
9974.jpg,0,0,P,13,9,26,24
9974.jpg,0,0,B,34,5,45,20
9974.jpg,0,0,F,48,1,62,13
9974.jpg,0,0,F,63,4,76,18
9974.jpg,0,0,Z,76,1,86,14
9975.jpg,0,0,L,4,8,13,22
9975.jpg,0,0,N,28,4,42,18
9975.jpg,0,0,A,48,7,62,20
9975.jpg,0,0,D,68,9,81,23
9975.jpg,0,0,R,79,4,90,18
9976.jpg,0,0,K,2,5,14,19
9976.jpg,0,0,F,27,6,43,17
9976.jpg,0,0,F,52,10,63,21
9976.jpg,0,0,F,64,4,74,20
9976.jpg,0,0,Y,76,4,90,20
9977.jpg,0,0,Z,2,5,14,20
9977.jpg,0,0,Z,24,1,35,16
9977.jpg,0,0,B,41,5,54,19
9977.jpg,0,0,V,56,6,69,20
9977.jpg,0,0,I,73,4,84,16
9978.jpg,0,0,Y,3,4,16,19
9978.jpg,0,0,Z,19,3,30,17
9978.jpg,0,0,S,43,4,54,18
9978.jpg,0,0,P,58,9,70,22
9978.jpg,0,0,C,71,5,84,19
9979.jpg,0,0,W,12,6,27,20
9979.jpg,0,0,T,25,6,36,19
9979.jpg,0,0,L,34,3,43,17
9979.jpg,0,0,D,42,11,53,22
9979.jpg,0,0,C,68,7,80,22
9980.jpg,0,0,Y,9,5,22,20
9980.jpg,0,0,W,27,4,47,19
9980.jpg,0,0,K,49,1,60,11
9980.jpg,0,0,J,61,5,73,19
9980.jpg,0,0,T,79,11,89,22
9981.jpg,0,0,W,1,5,19,20
9981.jpg,0,0,I,28,6,37,20
9981.jpg,0,0,T,44,9,56,24
9981.jpg,0,0,W,61,7,73,18
9981.jpg,0,0,P,75,11,86,24
9982.jpg,0,0,X,1,4,14,18
9982.jpg,0,0,B,16,2,28,17
9982.jpg,0,0,K,35,9,48,22
9982.jpg,0,0,A,60,8,72,23
9982.jpg,0,0,F,78,7,91,18
9983.jpg,0,0,F,5,11,15,22
9983.jpg,0,0,U,17,1,29,14
9983.jpg,0,0,R,41,2,55,14
9983.jpg,0,0,D,64,11,75,22
9983.jpg,0,0,H,75,10,87,20
9984.jpg,0,0,J,1,6,12,17
9984.jpg,0,0,U,25,12,37,24
9984.jpg,0,0,L,40,9,49,24
9984.jpg,0,0,J,61,8,74,18
9984.jpg,0,0,Z,75,3,90,18
9985.jpg,0,0,G,10,3,20,15
9985.jpg,0,0,G,19,3,32,16
9985.jpg,0,0,O,32,2,45,16
9985.jpg,0,0,W,51,3,66,21
9985.jpg,0,0,X,75,6,89,20
9986.jpg,0,0,W,3,8,22,24
9986.jpg,0,0,X,21,7,38,21
9986.jpg,0,0,H,47,8,59,20
9986.jpg,0,0,M,67,3,82,20
9986.jpg,0,0,W,75,5,91,23
9987.jpg,0,0,S,3,2,14,19
9987.jpg,0,0,W,17,8,36,24
9987.jpg,0,0,E,34,1,46,12
9987.jpg,0,0,Z,57,7,72,23
9987.jpg,0,0,P,72,4,83,19
9988.jpg,0,0,Y,15,9,26,23
9988.jpg,0,0,I,41,12,51,23
9988.jpg,0,0,V,49,1,61,12
9988.jpg,0,0,L,69,10,80,23
9988.jpg,0,0,M,78,5,91,16
9989.jpg,0,0,K,9,9,22,22
9989.jpg,0,0,W,23,7,40,21
9989.jpg,0,0,G,42,1,55,12
9989.jpg,0,0,Y,55,6,66,17
9989.jpg,0,0,L,78,10,90,24
9990.jpg,0,0,J,2,5,10,18
9990.jpg,0,0,P,18,2,30,16
9990.jpg,0,0,B,40,5,52,21
9990.jpg,0,0,H,61,1,75,17
9990.jpg,0,0,Y,81,9,91,21
9991.jpg,0,0,T,15,8,26,19
9991.jpg,0,0,W,24,5,42,19
9991.jpg,0,0,E,49,10,63,24
9991.jpg,0,0,Q,68,3,79,16
9991.jpg,0,0,Y,77,2,89,15
9992.jpg,0,0,Q,4,4,17,20
9992.jpg,0,0,O,16,9,29,22
9992.jpg,0,0,O,38,8,50,22
9992.jpg,0,0,Z,53,9,67,24
9992.jpg,0,0,C,69,7,82,20
9993.jpg,0,0,B,11,1,26,13
9993.jpg,0,0,D,34,9,46,20
9993.jpg,0,0,N,51,8,66,24
9993.jpg,0,0,X,68,9,85,23
9993.jpg,0,0,V,80,1,91,13
9994.jpg,0,0,M,1,6,16,21
9994.jpg,0,0,B,14,2,24,13
9994.jpg,0,0,I,41,4,49,18
9994.jpg,0,0,G,54,10,68,24
9994.jpg,0,0,U,76,8,90,20
9995.jpg,0,0,U,1,1,13,14
9995.jpg,0,0,U,18,2,28,13
9995.jpg,0,0,F,32,11,47,24
9995.jpg,0,0,C,48,3,61,16
9995.jpg,0,0,S,76,3,88,17
9996.jpg,0,0,M,8,3,23,18
9996.jpg,0,0,M,31,1,46,15
9996.jpg,0,0,B,54,1,65,16
9996.jpg,0,0,C,68,2,77,13
9996.jpg,0,0,J,78,3,89,14
9997.jpg,0,0,A,5,7,16,18
9997.jpg,0,0,V,23,5,36,19
9997.jpg,0,0,K,35,3,47,18
9997.jpg,0,0,K,56,1,72,17
9997.jpg,0,0,Y,75,1,86,13
9998.jpg,0,0,D,2,13,13,24
9998.jpg,0,0,Q,11,4,24,20
9998.jpg,0,0,J,32,4,44,19
9998.jpg,0,0,S,58,6,70,19
9998.jpg,0,0,O,78,1,88,10
9999.jpg,0,0,O,11,4,24,17
9999.jpg,0,0,V,23,7,36,22
9999.jpg,0,0,W,36,5,52,19
9999.jpg,0,0,J,62,11,72,22
9999.jpg,0,0,B,71,2,85,17
captcha_1002.jpg,546,144,Y,31,58,111,141
captcha_1002.jpg,546,144,M,149,13,240,95
captcha_1002.jpg,546,144,J,283,36,376,101
captcha_1002.jpg,546,144,V,388,25,447,99
captcha_1002.jpg,546,144,S,461,62,532,144
captcha_1012.jpg,546,144,V,16,2,89,81
captcha_1012.jpg,546,144,Z,81,59,137,132
captcha_1012.jpg,546,144,T,219,57,283,134
captcha_1012.jpg,546,144,G,354,64,422,141
captcha_1012.jpg,546,144,L,415,9,485,86
captcha_1023.jpg,546,144,S,21,9,87,90
captcha_1023.jpg,546,144,Q,87,3,166,100
captcha_1023.jpg,546,144,J,232,48,297,111
captcha_1023.jpg,546,144,E,291,63,364,144
captcha_1023.jpg,546,144,S,366,23,435,119
captcha_1037.jpg,546,144,D,53,32,127,106
captcha_1037.jpg,546,144,B,159,45,237,122
captcha_1037.jpg,546,144,G,286,43,360,135
captcha_1037.jpg,546,144,L,387,47,449,132
captcha_1037.jpg,546,144,O,454,74,507,144
captcha_1083.jpg,546,144,X,37,2,117,103
captcha_1083.jpg,546,144,K,160,43,238,117
captcha_1083.jpg,546,144,U,272,81,329,144
captcha_1083.jpg,546,144,K,336,13,414,115
captcha_1083.jpg,546,144,L,478,71,539,142
captcha_1088.jpg,546,144,L,3,33,64,100
captcha_1088.jpg,546,144,P,103,68,163,138
captcha_1088.jpg,546,144,Y,173,9,242,93
captcha_1088.jpg,546,144,N,271,76,343,144
captcha_1088.jpg,546,144,P,437,13,503,91
captcha_1092.jpg,546,144,A,64,16,118,81
captcha_1092.jpg,546,144,S,165,58,223,125
captcha_1092.jpg,546,144,D,217,22,292,94
captcha_1092.jpg,546,144,Z,296,20,369,101
captcha_1092.jpg,546,144,A,364,19,430,97
captcha_1103.jpg,546,144,K,75,67,143,135
captcha_1103.jpg,546,144,G,190,6,264,88
captcha_1103.jpg,546,144,E,286,50,355,132
captcha_1103.jpg,546,144,G,402,48,477,134
captcha_1103.jpg,546,144,Y,483,17,546,98
captcha_1107.jpg,546,144,Y,8,9,67,76
captcha_1107.jpg,546,144,Q,132,50,198,124
captcha_1107.jpg,546,144,X,205,23,277,117
captcha_1107.jpg,546,144,U,281,29,371,113
captcha_1107.jpg,546,144,E,460,51,528,129
captcha_1114.jpg,546,144,D,80,48,142,120
captcha_1114.jpg,546,144,P,204,33,283,106
captcha_1114.jpg,546,144,N,315,1,397,85
captcha_1114.jpg,546,144,E,399,5,473,73
captcha_1114.jpg,546,144,U,470,55,541,138
captcha_1117.jpg,546,144,G,38,42,118,122
captcha_1117.jpg,546,144,E,174,10,248,90
captcha_1117.jpg,546,144,X,254,73,319,135
captcha_1117.jpg,546,144,V,384,5,469,81
captcha_1117.jpg,546,144,J,448,90,531,138
captcha_1149.jpg,546,144,W,73,25,188,127
captcha_1149.jpg,546,144,H,176,16,240,76
captcha_1149.jpg,546,144,K,252,3,328,88
captcha_1149.jpg,546,144,B,355,57,441,136
captcha_1149.jpg,546,144,P,469,79,533,143
captcha_1150.jpg,546,144,I,10,6,64,70
captcha_1150.jpg,546,144,K,102,45,177,113
captcha_1150.jpg,546,144,F,221,37,321,93
captcha_1150.jpg,546,144,J,357,57,415,137
captcha_1150.jpg,546,144,V,423,29,496,112
captcha_1151.jpg,546,144,T,69,49,142,130
captcha_1151.jpg,546,144,U,175,19,250,113
captcha_1151.jpg,546,144,Z,301,13,371,83
captcha_1151.jpg,546,144,A,392,36,460,102
captcha_1151.jpg,546,144,L,473,5,533,88
captcha_1157.jpg,546,144,Q,73,18,155,103
captcha_1157.jpg,546,144,Q,180,2,256,81
captcha_1157.jpg,546,144,I,250,25,320,109
captcha_1157.jpg,546,144,J,371,41,439,128
captcha_1157.jpg,546,144,P,449,52,521,132
captcha_1162.jpg,546,144,K,30,43,106,128
captcha_1162.jpg,546,144,S,125,24,181,104
captcha_1162.jpg,546,144,D,229,30,300,106
captcha_1162.jpg,546,144,J,378,3,447,65
captcha_1162.jpg,546,144,A,428,65,494,130
captcha_1163.jpg,546,144,J,5,10,42,92
captcha_1163.jpg,546,144,Q,68,8,144,92
captcha_1163.jpg,546,144,X,124,49,207,131
captcha_1163.jpg,546,144,L,296,11,363,89
captcha_1163.jpg,546,144,F,356,70,448,133
captcha_1165.jpg,546,144,D,14,37,89,116
captcha_1165.jpg,546,144,Y,161,77,225,142
captcha_1165.jpg,546,144,W,227,14,328,96
captcha_1165.jpg,546,144,B,354,33,427,111
captcha_1165.jpg,546,144,Y,433,5,494,70
captcha_1167.jpg,546,144,Z,15,53,88,137
captcha_1167.jpg,546,144,A,141,1,204,62
captcha_1167.jpg,546,144,R,247,79,303,142
captcha_1167.jpg,546,144,B,299,59,364,123
captcha_1167.jpg,546,144,U,394,4,459,65
captcha_1168.jpg,546,144,I,48,86,120,133
captcha_1168.jpg,546,144,D,138,64,215,142
captcha_1168.jpg,546,144,Z,279,75,343,137
captcha_1168.jpg,546,144,E,378,25,446,105
captcha_1168.jpg,546,144,B,441,18,523,92
captcha_1170.jpg,546,144,P,67,28,136,105
captcha_1170.jpg,546,144,P,160,39,225,119
captcha_1170.jpg,546,144,Y,238,1,322,69
captcha_1170.jpg,546,144,J,354,27,413,99
captcha_1170.jpg,546,144,S,416,9,474,80
captcha_1192.jpg,546,144,P,34,23,116,105
captcha_1192.jpg,546,144,D,191,30,250,94
captcha_1192.jpg,546,144,A,254,39,315,113
captcha_1192.jpg,546,144,V,371,27,442,104
captcha_1192.jpg,546,144,B,438,8,507,91
captcha_1197.jpg,546,144,R,45,1,104,64
captcha_1197.jpg,546,144,Q,133,27,216,121
captcha_1197.jpg,546,144,F,280,64,349,130
captcha_1197.jpg,546,144,W,369,15,446,83
captcha_1197.jpg,546,144,R,457,27,531,105
captcha_1198.jpg,546,144,R,82,54,151,142
captcha_1198.jpg,546,144,J,227,3,308,61
captcha_1198.jpg,546,144,N,319,37,416,125
captcha_1198.jpg,546,144,Y,487,50,546,130
captcha_1198.jpg,546,144,K,422,42,491,129
captcha_1201.jpg,546,144,G,25,44,92,125
captcha_1201.jpg,546,144,Z,136,5,183,61
captcha_1201.jpg,546,144,T,176,27,244,106
captcha_1201.jpg,546,144,H,293,44,388,126
captcha_1201.jpg,546,144,K,447,33,512,125
captcha_1204.jpg,546,144,O,20,45,95,126
captcha_1204.jpg,546,144,G,121,10,185,84
captcha_1204.jpg,546,144,X,200,20,281,101
captcha_1204.jpg,546,144,C,300,63,370,142
captcha_1204.jpg,546,144,J,416,50,503,110
captcha_1215.jpg,546,144,G,3,49,76,129
captcha_1215.jpg,546,144,O,131,22,202,98
captcha_1215.jpg,546,144,J,269,55,323,139
captcha_1215.jpg,546,144,C,333,13,418,87
captcha_1215.jpg,546,144,B,446,8,510,84
captcha_1227.jpg,546,144,V,7,64,96,140
captcha_1227.jpg,546,144,O,110,10,195,83
captcha_1227.jpg,546,144,P,261,6,350,59
captcha_1227.jpg,546,144,V,394,67,451,130
captcha_1227.jpg,546,144,O,453,29,526,110
captcha_1228.jpg,546,144,V,54,2,135,82
captcha_1228.jpg,546,144,V,184,72,241,139
captcha_1228.jpg,546,144,J,231,8,281,93
captcha_1228.jpg,546,144,Q,330,59,410,141
captcha_1228.jpg,546,144,Z,455,62,540,144
captcha_1233.jpg,546,144,D,30,36,95,98
captcha_1233.jpg,546,144,C,97,18,155,85
captcha_1233.jpg,546,144,B,240,3,306,84
captcha_1233.jpg,546,144,L,382,71,438,140
captcha_1233.jpg,546,144,O,456,54,527,135
captcha_1241.jpg,546,144,Z,42,33,95,96
captcha_1241.jpg,546,144,E,93,10,157,103
captcha_1241.jpg,546,144,P,216,7,291,85
captcha_1241.jpg,546,144,Z,369,8,441,93
captcha_1241.jpg,546,144,Q,445,1,523,94
captcha_1262.jpg,546,144,N,8,13,86,92
captcha_1262.jpg,546,144,R,161,2,229,82
captcha_1262.jpg,546,144,P,282,37,348,104
captcha_1262.jpg,546,144,E,374,66,444,127
captcha_1262.jpg,546,144,U,452,60,539,141
captcha_1282.jpg,546,144,P,44,39,106,98
captcha_1282.jpg,546,144,N,173,8,276,95
captcha_1282.jpg,546,144,Q,312,13,384,100
captcha_1282.jpg,546,144,U,402,30,466,118
captcha_1282.jpg,546,144,F,459,4,546,65
captcha_1312.jpg,546,144,N,2,17,80,103
captcha_1312.jpg,546,144,A,135,65,201,142
captcha_1312.jpg,546,144,F,257,61,323,123
captcha_1312.jpg,546,144,V,342,27,405,86
captcha_1312.jpg,546,144,U,422,28,493,120
captcha_1328.jpg,546,144,W,57,18,159,99
captcha_1328.jpg,546,144,Y,201,39,263,127
captcha_1328.jpg,546,144,H,280,43,361,125
captcha_1328.jpg,546,144,K,410,20,483,100
captcha_1328.jpg,546,144,I,483,9,535,89
captcha_1346.jpg,546,144,V,8,31,77,112
captcha_1346.jpg,546,144,G,131,50,215,128
captcha_1346.jpg,546,144,F,205,69,271,132
captcha_1346.jpg,546,144,E,321,43,392,103
captcha_1346.jpg,546,144,J,436,6,492,89
captcha_1361.jpg,546,144,P,39,52,112,131
captcha_1361.jpg,546,144,J,144,26,202,107
captcha_1361.jpg,546,144,B,243,53,320,137
captcha_1361.jpg,546,144,P,361,20,424,110
captcha_1361.jpg,546,144,U,465,17,545,122
captcha_1367.jpg,546,144,N,92,62,156,123
captcha_1367.jpg,546,144,E,154,36,214,117
captcha_1367.jpg,546,144,Z,285,56,360,137
captcha_1367.jpg,546,144,O,376,1,449,78
captcha_1367.jpg,546,144,A,444,43,510,108
captcha_1373.jpg,546,144,S,18,64,90,144
captcha_1373.jpg,546,144,I,183,25,234,102
captcha_1373.jpg,546,144,Q,289,47,364,132
captcha_1373.jpg,546,144,O,400,52,475,135
captcha_1373.jpg,546,144,Q,472,17,544,96
captcha_1384.jpg,546,144,K,70,20,141,104
captcha_1384.jpg,546,144,J,166,52,233,114
captcha_1384.jpg,546,144,X,242,8,310,82
captcha_1384.jpg,546,144,L,338,52,399,131
captcha_1384.jpg,546,144,O,446,14,524,98
captcha_1406.jpg,546,144,D,1,45,64,117
captcha_1406.jpg,546,144,N,106,52,183,131
captcha_1406.jpg,546,144,K,246,15,308,95
captcha_1406.jpg,546,144,F,355,5,420,86
captcha_1406.jpg,546,144,B,440,55,504,120
captcha_1416.jpg,546,144,B,87,19,151,82
captcha_1416.jpg,546,144,K,210,26,279,93
captcha_1416.jpg,546,144,Q,269,18,345,116
captcha_1416.jpg,546,144,S,373,14,435,96
captcha_1416.jpg,546,144,B,481,41,546,117
captcha_1419.jpg,546,144,S,38,26,104,107
captcha_1419.jpg,546,144,K,153,55,235,137
captcha_1419.jpg,546,144,J,279,1,337,71
captcha_1419.jpg,546,144,A,450,19,511,88
captcha_1419.jpg,546,144,I,345,74,409,131
captcha_1438.jpg,546,144,X,3,28,73,114
captcha_1438.jpg,546,144,W,126,30,187,87
captcha_1438.jpg,546,144,B,258,20,338,97
captcha_1438.jpg,546,144,Z,388,4,464,81
captcha_1438.jpg,546,144,G,453,13,527,97
captcha_1440.jpg,546,144,O,9,69,70,138
captcha_1440.jpg,546,144,B,130,49,202,131
captcha_1440.jpg,546,144,C,278,40,349,113
captcha_1440.jpg,546,144,Z,399,59,466,137
captcha_1440.jpg,546,144,G,466,3,531,81
captcha_1466.jpg,546,144,V,70,32,141,114
captcha_1466.jpg,546,144,B,209,1,272,60
captcha_1466.jpg,546,144,L,280,49,334,120
captcha_1466.jpg,546,144,N,360,51,430,111
captcha_1466.jpg,546,144,I,461,57,520,117
captcha_1475.jpg,546,144,I,40,10,75,91
captcha_1475.jpg,546,144,S,65,42,131,125
captcha_1475.jpg,546,144,E,132,57,199,121
captcha_1475.jpg,546,144,Q,298,22,358,101
captcha_1475.jpg,546,144,E,361,42,429,122
captcha_1479.jpg,546,144,L,49,13,113,91
captcha_1479.jpg,546,144,N,142,32,214,119
captcha_1479.jpg,546,144,F,243,17,324,93
captcha_1479.jpg,546,144,V,327,45,399,125
captcha_1479.jpg,546,144,G,403,17,483,93
captcha_1489.jpg,546,144,C,5,1,74,82
captcha_1489.jpg,546,144,K,113,57,191,138
captcha_1489.jpg,546,144,R,275,68,325,132
captcha_1489.jpg,546,144,Y,346,34,413,118
captcha_1489.jpg,546,144,B,469,55,543,139
captcha_1519.jpg,546,144,B,14,21,89,100
captcha_1519.jpg,546,144,N,177,31,264,113
captcha_1519.jpg,546,144,E,269,19,337,106
captcha_1519.jpg,546,144,F,336,52,382,133
captcha_1519.jpg,546,144,E,465,69,520,139
captcha_1526.jpg,546,144,L,13,35,68,114
captcha_1526.jpg,546,144,Y,169,49,227,110
captcha_1526.jpg,546,144,V,257,63,318,128
captcha_1526.jpg,546,144,Y,333,48,396,135
captcha_1526.jpg,546,144,V,413,51,476,139
captcha_1561.jpg,546,144,J,27,15,83,94
captcha_1561.jpg,546,144,I,144,58,184,135
captcha_1561.jpg,546,144,U,213,8,278,105
captcha_1561.jpg,546,144,M,298,41,383,125
captcha_1561.jpg,546,144,R,414,45,479,124
captcha_1567.jpg,546,144,K,55,45,143,142
captcha_1567.jpg,546,144,F,241,1,313,82
captcha_1567.jpg,546,144,D,346,80,405,143
captcha_1567.jpg,546,144,L,417,16,474,76
captcha_1567.jpg,546,144,S,467,45,530,123
captcha_1601.jpg,546,144,Q,18,4,87,87
captcha_1601.jpg,546,144,G,150,10,243,87
captcha_1601.jpg,546,144,F,254,62,321,137
captcha_1601.jpg,546,144,J,332,74,391,136
captcha_1601.jpg,546,144,K,419,39,481,100
captcha_1622.jpg,546,144,N,1,25,78,95
captcha_1622.jpg,546,144,B,92,45,164,127
captcha_1622.jpg,546,144,J,152,32,208,115
captcha_1622.jpg,546,144,A,190,78,254,142
captcha_1622.jpg,546,144,N,426,40,507,111
captcha_1623.jpg,546,144,P,58,52,121,142
captcha_1623.jpg,546,144,D,146,39,219,118
captcha_1623.jpg,546,144,F,288,5,357,81
captcha_1623.jpg,546,144,C,373,4,448,83
captcha_1623.jpg,546,144,T,475,41,540,125
captcha_1641.jpg,546,144,R,18,25,92,104
captcha_1641.jpg,546,144,O,117,8,185,71
captcha_1641.jpg,546,144,C,211,1,271,59
captcha_1641.jpg,546,144,M,283,50,344,128
captcha_1641.jpg,546,144,C,471,25,540,92
captcha_1704.jpg,546,144,N,35,13,111,94
captcha_1704.jpg,546,144,H,144,21,227,101
captcha_1704.jpg,546,144,P,290,25,349,113
captcha_1704.jpg,546,144,H,405,18,485,93
captcha_1704.jpg,546,144,O,488,1,545,68
captcha_1714.jpg,546,144,M,15,43,105,126
captcha_1714.jpg,546,144,U,176,78,235,144
captcha_1714.jpg,546,144,P,296,47,347,140
captcha_1714.jpg,546,144,V,403,44,464,105
captcha_1714.jpg,546,144,Q,479,18,537,91
captcha_1746.jpg,546,144,O,38,63,111,144
captcha_1746.jpg,546,144,O,425,44,484,114
captcha_1746.jpg,546,144,W,104,2,203,83
captcha_1746.jpg,546,144,T,192,34,249,111
captcha_1746.jpg,546,144,B,364,37,417,107
captcha_1768.jpg,546,144,P,81,26,161,98
captcha_1768.jpg,546,144,J,227,63,283,143
captcha_1768.jpg,546,144,H,314,10,393,106
captcha_1768.jpg,546,144,U,444,41,508,120
captcha_1768.jpg,546,144,Q,483,1,544,68
captcha_1806.jpg,546,144,G,62,19,122,89
captcha_1806.jpg,546,144,M,155,13,235,88
captcha_1806.jpg,546,144,B,283,17,348,94
captcha_1806.jpg,546,144,S,390,61,444,131
captcha_1806.jpg,546,144,D,452,13,529,93
captcha_1842.jpg,546,144,I,57,56,97,142
captcha_1842.jpg,546,144,A,183,44,247,135
captcha_1842.jpg,546,144,A,302,3,362,63
captcha_1842.jpg,546,144,F,401,31,489,85
captcha_1842.jpg,546,144,B,481,55,546,129
captcha_1851.jpg,546,144,C,11,24,80,105
captcha_1851.jpg,546,144,C,321,56,395,136
captcha_1851.jpg,546,144,X,71,39,131,100
captcha_1851.jpg,546,144,L,157,34,208,114
captcha_1851.jpg,546,144,W,433,9,495,81
captcha_1864.jpg,546,144,U,72,37,132,104
captcha_1864.jpg,546,144,Q,200,19,277,117
captcha_1864.jpg,546,144,O,351,20,419,97
captcha_1864.jpg,546,144,B,279,61,343,141
captcha_1864.jpg,546,144,Z,415,33,471,96
captcha_1955.jpg,546,144,K,40,45,115,123
captcha_1955.jpg,546,144,C,200,49,273,129
captcha_1955.jpg,546,144,N,295,46,369,125
captcha_1955.jpg,546,144,U,388,45,464,120
captcha_1955.jpg,546,144,M,459,40,537,135
captcha_690.jpg,546,144,Z,16,56,87,133
captcha_690.jpg,546,144,H,88,63,145,140
captcha_690.jpg,546,144,W,209,48,306,131
captcha_690.jpg,546,144,N,372,4,437,64
captcha_690.jpg,546,144,T,432,61,493,130
captcha_706.jpg,546,144,D,39,44,111,125
captcha_706.jpg,546,144,Q,141,47,204,119
captcha_706.jpg,546,144,Y,223,20,293,99
captcha_706.jpg,546,144,P,354,35,425,97
captcha_706.jpg,546,144,P,442,23,494,114
captcha_713.jpg,546,144,D,91,46,158,110
captcha_713.jpg,546,144,D,444,23,501,87
captcha_713.jpg,546,144,H,198,56,290,139
captcha_713.jpg,546,144,C,313,41,370,106
captcha_713.jpg,546,144,J,373,61,425,144
captcha_719.jpg,546,144,E,61,61,125,125
captcha_719.jpg,546,144,W,131,21,234,103
captcha_719.jpg,546,144,D,300,60,364,139
captcha_719.jpg,546,144,X,387,20,451,80
captcha_719.jpg,546,144,I,457,42,512,126
captcha_720.jpg,546,144,E,88,25,170,108
captcha_720.jpg,546,144,Y,229,62,299,142
captcha_720.jpg,546,144,L,334,1,384,63
captcha_720.jpg,546,144,I,426,46,457,127
captcha_720.jpg,546,144,W,453,63,546,142
captcha_746.jpg,546,144,X,81,43,158,124
captcha_746.jpg,546,144,U,208,20,274,105
captcha_746.jpg,546,144,R,289,6,353,86
captcha_746.jpg,546,144,B,374,27,427,88
captcha_746.jpg,546,144,Z,434,13,518,114
captcha_756.jpg,546,144,X,20,28,100,108
captcha_756.jpg,546,144,Q,171,28,224,107
captcha_756.jpg,546,144,T,215,10,301,74
captcha_756.jpg,546,144,U,367,33,436,111
captcha_756.jpg,546,144,Y,429,53,510,124
captcha_779.jpg,546,144,Y,82,34,137,114
captcha_779.jpg,546,144,Q,178,5,264,99
captcha_779.jpg,546,144,Z,268,57,334,137
captcha_779.jpg,546,144,G,333,67,412,142
captcha_779.jpg,546,144,K,462,49,536,118
captcha_780.jpg,546,144,V,60,66,120,144
captcha_780.jpg,546,144,P,200,20,269,95
captcha_780.jpg,546,144,G,286,27,354,110
captcha_780.jpg,546,144,K,407,27,481,106
captcha_780.jpg,546,144,B,475,33,546,108
captcha_798.jpg,546,144,N,1,11,71,77
captcha_798.jpg,546,144,K,82,3,159,99
captcha_798.jpg,546,144,S,223,34,290,115
captcha_798.jpg,546,144,M,298,39,388,120
captcha_798.jpg,546,144,N,388,63,466,142
captcha_812.jpg,546,144,K,70,48,135,129
captcha_812.jpg,546,144,Q,209,27,284,108
captcha_812.jpg,546,144,U,335,44,414,126
captcha_812.jpg,546,144,O,427,7,495,88
captcha_812.jpg,546,144,U,488,65,542,130
captcha_821.jpg,546,144,Q,20,1,79,70
captcha_821.jpg,546,144,C,139,29,206,109
captcha_821.jpg,546,144,N,295,9,372,86
captcha_821.jpg,546,144,C,393,39,464,115
captcha_821.jpg,546,144,S,473,14,542,96
captcha_824.jpg,546,144,E,76,30,170,112
captcha_824.jpg,546,144,Z,202,22,269,100
captcha_824.jpg,546,144,K,328,33,408,113
captcha_824.jpg,546,144,U,420,5,488,67
captcha_824.jpg,546,144,Q,474,33,546,117
captcha_839.jpg,546,144,X,40,1,140,88
captcha_839.jpg,546,144,U,188,7,244,71
captcha_839.jpg,546,144,X,273,27,351,105
captcha_839.jpg,546,144,A,382,34,447,111
captcha_839.jpg,546,144,I,471,55,520,131
captcha_870.jpg,546,144,E,45,32,138,114
captcha_870.jpg,546,144,B,146,77,217,140
captcha_870.jpg,546,144,C,244,65,314,142
captcha_870.jpg,546,144,Z,336,30,386,100
captcha_870.jpg,546,144,V,440,6,509,81
captcha_922.jpg,546,144,N,60,64,138,142
captcha_922.jpg,546,144,O,176,39,250,112
captcha_922.jpg,546,144,A,302,52,369,130
captcha_922.jpg,546,144,P,374,57,434,136
captcha_922.jpg,546,144,D,437,1,495,56
captcha_927.jpg,546,144,Q,88,66,147,141
captcha_927.jpg,546,144,P,205,20,261,82
captcha_927.jpg,546,144,A,247,55,307,120
captcha_927.jpg,546,144,N,393,21,458,82
captcha_927.jpg,546,144,F,453,44,520,125
captcha_946.jpg,546,144,L,38,61,100,125
captcha_946.jpg,546,144,K,147,14,219,108
captcha_946.jpg,546,144,A,276,50,343,130
captcha_946.jpg,546,144,C,349,64,416,141
captcha_946.jpg,546,144,K,426,50,491,113
captcha_973.jpg,546,144,Z,28,56,93,136
captcha_973.jpg,546,144,B,174,44,241,119
captcha_973.jpg,546,144,Z,251,26,337,110
captcha_973.jpg,546,144,P,403,29,467,104
captcha_973.jpg,546,144,B,478,56,538,124
captcha_976.jpg,546,144,Y,56,14,118,96
captcha_976.jpg,546,144,N,197,26,257,89
captcha_976.jpg,546,144,D,289,62,361,138
captcha_976.jpg,546,144,Z,386,39,454,113
captcha_976.jpg,546,144,X,459,8,535,88
captcha_978.jpg,546,144,N,10,79,71,143
captcha_978.jpg,546,144,Q,91,54,161,137
captcha_978.jpg,546,144,I,201,16,253,75
captcha_978.jpg,546,144,A,286,64,341,132
captcha_978.jpg,546,144,T,420,15,491,101
captcha_979.jpg,546,144,A,4,13,61,77
captcha_979.jpg,546,144,A,182,56,249,136
captcha_979.jpg,546,144,A,460,9,534,88
captcha_979.jpg,546,144,J,117,52,174,131
captcha_979.jpg,546,144,B,310,57,369,117
captcha_982.jpg,546,144,F,47,52,117,130
captcha_982.jpg,546,144,T,185,67,244,132
captcha_982.jpg,546,144,M,278,52,361,127
captcha_982.jpg,546,144,I,363,66,413,141
captcha_982.jpg,546,144,O,447,5,504,74
captcha_992.jpg,546,144,C,32,38,104,117
captcha_992.jpg,546,144,N,155,14,210,87
captcha_992.jpg,546,144,L,263,35,323,117
captcha_992.jpg,546,144,Q,335,27,409,112
captcha_992.jpg,546,144,I,426,14,470,98
result_1000.jpg,400,100,W,33,17,106,82
result_1000.jpg,400,100,K,91,3,139,61
result_1000.jpg,400,100,Y,140,37,191,91
result_1000.jpg,400,100,W,191,8,263,68
result_1001.jpg,400,100,V,4,33,55,96
result_1001.jpg,400,100,H,60,14,107,70
result_1001.jpg,400,100,2,111,1,151,56
result_1001.jpg,400,100,R,163,22,215,81
result_1002.jpg,400,100,A,61,31,115,92
result_1002.jpg,400,100,X,115,3,164,66
result_1002.jpg,400,100,2,165,8,207,66
result_1002.jpg,400,100,T,219,22,265,80
result_1003.jpg,400,100,4,52,34,89,90
result_1003.jpg,400,100,M,105,27,161,83
result_1003.jpg,400,100,K,158,23,204,80
result_1003.jpg,400,100,H,209,9,256,68
result_1004.jpg,400,100,M,128,18,185,77
result_1004.jpg,400,100,P,184,1,225,59
result_1004.jpg,400,100,5,232,18,274,75
result_1004.jpg,400,100,L,286,10,322,68
result_1005.jpg,400,100,W,2,3,69,59
result_1005.jpg,400,100,L,109,7,144,66
result_1005.jpg,400,100,5,158,19,196,80
result_1005.jpg,400,100,W,56,19,116,75
result_1006.jpg,400,100,M,43,7,97,66
result_1006.jpg,400,100,4,91,1,128,53
result_1006.jpg,400,100,L,145,19,185,81
result_1006.jpg,400,100,W,192,23,263,83
result_1007.jpg,400,100,E,32,12,76,73
result_1007.jpg,400,100,T,81,2,127,61
result_1007.jpg,400,100,Y,135,14,180,74
result_1007.jpg,400,100,Y,185,36,235,95
result_1008.jpg,400,100,V,37,4,88,59
result_1008.jpg,400,100,Z,88,27,138,87
result_1008.jpg,400,100,C,147,18,192,75
result_1008.jpg,400,100,H,197,32,246,92
result_1009.jpg,400,100,3,54,4,91,58
result_1009.jpg,400,100,2,209,7,250,70
result_1009.jpg,400,100,E,107,26,153,85
result_1009.jpg,400,100,Y,158,15,205,75
result_1010.jpg,400,100,K,75,38,122,98
result_1010.jpg,400,100,J,125,22,160,78
result_1010.jpg,400,100,Y,176,35,225,92
result_1010.jpg,400,100,X,228,20,278,80
result_1011.jpg,400,100,3,17,1,53,61
result_1011.jpg,400,100,E,68,7,115,68
result_1011.jpg,400,100,W,117,27,187,85
result_1011.jpg,400,100,T,172,6,217,71
result_1012.jpg,400,100,F,128,22,168,79
result_1012.jpg,400,100,C,182,12,228,71
result_1012.jpg,400,100,C,233,24,282,83
result_1012.jpg,400,100,W,282,13,353,72
result_1013.jpg,400,100,J,126,29,165,88
result_1013.jpg,400,100,J,181,19,218,77
result_1013.jpg,400,100,H,238,34,284,93
result_1013.jpg,400,100,W,285,24,353,83
result_1014.jpg,400,100,T,146,20,191,80
result_1014.jpg,400,100,F,199,7,241,65
result_1014.jpg,400,100,H,250,19,303,75
result_1014.jpg,400,100,X,301,23,349,82
result_1015.jpg,400,100,T,31,18,75,74
result_1015.jpg,400,100,A,81,14,129,72
result_1015.jpg,400,100,P,133,1,184,58
result_1015.jpg,400,100,4,186,35,222,94
result_1016.jpg,400,100,A,6,25,52,82
result_1016.jpg,400,100,A,56,32,106,92
result_1016.jpg,400,100,H,111,29,158,86
result_1016.jpg,400,100,W,163,34,228,92
result_1017.jpg,400,100,W,148,11,213,69
result_1017.jpg,400,100,M,204,5,257,62
result_1017.jpg,400,100,Y,251,14,301,76
result_1017.jpg,400,100,T,301,35,349,94
result_1018.jpg,400,100,X,118,14,168,74
result_1018.jpg,400,100,W,172,1,236,58
result_1018.jpg,400,100,Y,221,17,272,73
result_1018.jpg,400,100,K,277,38,326,95
result_1019.jpg,400,100,J,140,1,176,53
result_1019.jpg,400,100,6,192,1,228,55
result_1019.jpg,400,100,P,248,35,290,91
result_1019.jpg,400,100,4,297,9,333,64
result_1020.jpg,400,100,H,66,18,114,74
result_1020.jpg,400,100,J,116,1,150,60
result_1020.jpg,400,100,W,167,10,234,68
result_1020.jpg,400,100,J,219,21,253,82
result_1021.jpg,400,100,5,136,3,175,61
result_1021.jpg,400,100,J,184,4,223,63
result_1021.jpg,400,100,E,241,29,286,90
result_1021.jpg,400,100,C,291,22,345,81
result_1022.jpg,400,100,J,56,1,89,51
result_1022.jpg,400,100,P,107,6,153,63
result_1022.jpg,400,100,5,158,10,198,69
result_1022.jpg,400,100,4,210,36,246,92
result_1023.jpg,400,100,J,132,35,166,90
result_1023.jpg,400,100,4,187,36,221,92
result_1023.jpg,400,100,K,239,3,287,58
result_1023.jpg,400,100,3,289,16,326,73
result_1024.jpg,400,100,R,105,34,157,92
result_1024.jpg,400,100,T,156,21,199,77
result_1024.jpg,400,100,E,209,1,253,55
result_1024.jpg,400,100,Z,260,7,305,66
result_1025.jpg,400,100,M,80,5,138,61
result_1025.jpg,400,100,V,129,39,177,97
result_1025.jpg,400,100,C,185,10,232,69
result_1025.jpg,400,100,J,233,14,270,68
result_1026.jpg,400,100,J,24,26,69,80
result_1026.jpg,400,100,2,77,33,115,90
result_1026.jpg,400,100,W,128,35,194,92
result_1026.jpg,400,100,6,182,30,218,88
result_1027.jpg,400,100,6,211,1,249,57
result_1027.jpg,400,100,Y,58,24,103,82
result_1027.jpg,400,100,V,107,1,153,58
result_1027.jpg,400,100,P,160,13,205,70
result_1028.jpg,400,100,4,285,10,320,68
result_1028.jpg,400,100,Y,128,14,177,73
result_1028.jpg,400,100,A,177,32,228,92
result_1028.jpg,400,100,V,228,12,280,72
result_1029.jpg,400,100,3,190,1,221,59
result_1029.jpg,400,100,L,82,12,120,72
result_1029.jpg,400,100,C,136,21,185,77
result_1029.jpg,400,100,E,241,1,284,61
result_1030.jpg,400,100,4,225,1,265,55
result_1030.jpg,400,100,E,70,26,117,87
result_1030.jpg,400,100,E,124,8,170,68
result_1030.jpg,400,100,V,171,24,222,80
result_1031.jpg,400,100,X,106,33,160,91
result_1031.jpg,400,100,F,162,1,205,59
result_1031.jpg,400,100,V,211,6,260,61
result_1031.jpg,400,100,H,266,34,315,92
result_1032.jpg,400,100,M,16,14,75,75
result_1032.jpg,400,100,M,70,1,126,56
result_1032.jpg,400,100,P,120,28,171,85
result_1032.jpg,400,100,R,172,1,226,55
result_1033.jpg,400,100,P,37,7,82,64
result_1033.jpg,400,100,A,87,22,137,85
result_1033.jpg,400,100,P,141,5,187,63
result_1033.jpg,400,100,L,194,1,234,58
result_1034.jpg,400,100,C,102,1,149,62
result_1034.jpg,400,100,C,258,1,306,56
result_1034.jpg,400,100,A,202,5,251,65
result_1034.jpg,400,100,T,151,1,194,53
result_1035.jpg,400,100,E,19,14,65,77
result_1035.jpg,400,100,K,73,1,117,56
result_1035.jpg,400,100,K,124,1,168,54
result_1035.jpg,400,100,W,172,4,243,63
result_1036.jpg,400,100,L,80,7,120,71
result_1036.jpg,400,100,X,129,1,177,55
result_1036.jpg,400,100,M,185,10,241,73
result_1036.jpg,400,100,6,236,9,270,66
result_1037.jpg,400,100,C,28,1,73,58
result_1037.jpg,400,100,2,76,3,117,62
result_1037.jpg,400,100,T,126,36,172,93
result_1037.jpg,400,100,X,184,1,229,54
result_1038.jpg,400,100,2,71,27,108,85
result_1038.jpg,400,100,3,124,21,160,75
result_1038.jpg,400,100,P,21,1,66,61
result_1038.jpg,400,100,E,176,38,225,100
result_1039.jpg,400,100,Z,127,1,174,57
result_1039.jpg,400,100,L,183,12,223,74
result_1039.jpg,400,100,Y,234,29,280,89
result_1039.jpg,400,100,X,287,14,333,71
result_1040.jpg,400,100,5,75,9,113,67
result_1040.jpg,400,100,K,127,2,175,62
result_1040.jpg,400,100,W,174,32,243,92
result_1040.jpg,400,100,V,228,3,276,58
result_1041.jpg,400,100,C,136,10,184,66
result_1041.jpg,400,100,H,185,23,233,81
result_1041.jpg,400,100,6,236,36,275,92
result_1041.jpg,400,100,K,289,11,339,73
result_1042.jpg,400,100,5,41,1,83,61
result_1042.jpg,400,100,H,94,34,146,90
result_1042.jpg,400,100,V,143,3,192,61
result_1042.jpg,400,100,X,197,1,245,53
result_1043.jpg,400,100,R,41,3,88,60
result_1043.jpg,400,100,3,89,34,128,92
result_1043.jpg,400,100,R,140,1,193,61
result_1043.jpg,400,100,Z,193,1,243,59
result_1044.jpg,400,100,K,56,18,104,78
result_1044.jpg,400,100,W,103,19,170,75
result_1044.jpg,400,100,R,163,20,207,83
result_1044.jpg,400,100,6,208,30,246,88
result_1045.jpg,400,100,J,131,5,165,66
result_1045.jpg,400,100,W,182,9,250,68
result_1045.jpg,400,100,W,237,41,304,95
result_1045.jpg,400,100,H,289,5,336,63
result_1046.jpg,400,100,F,145,26,184,85
result_1046.jpg,400,100,V,194,17,242,75
result_1046.jpg,400,100,J,248,6,285,66
result_1046.jpg,400,100,A,299,5,347,64
result_1047.jpg,400,100,H,34,1,82,52
result_1047.jpg,400,100,P,86,7,136,68
result_1047.jpg,400,100,4,141,1,175,50
result_1047.jpg,400,100,K,194,36,238,95
result_1048.jpg,400,100,6,4,32,36,90
result_1048.jpg,400,100,Z,56,24,100,87
result_1048.jpg,400,100,P,107,2,155,69
result_1048.jpg,400,100,F,155,30,205,90
result_1049.jpg,400,100,E,99,24,144,85
result_1049.jpg,400,100,K,152,13,197,72
result_1049.jpg,400,100,L,207,20,241,80
result_1049.jpg,400,100,V,250,14,304,71
result_1050.jpg,400,100,E,63,14,111,75
result_1050.jpg,400,100,R,116,13,169,73
result_1050.jpg,400,100,A,168,10,218,70
result_1050.jpg,400,100,Y,220,4,270,62
result_1051.jpg,400,100,H,19,10,75,71
result_1051.jpg,400,100,E,75,2,118,64
result_1051.jpg,400,100,K,124,28,175,89
result_1051.jpg,400,100,C,183,1,226,57
result_1052.jpg,400,100,6,29,23,68,82
result_1052.jpg,400,100,6,132,25,175,87
result_1052.jpg,400,100,L,83,3,126,64
result_1052.jpg,400,100,F,187,23,226,82
result_1053.jpg,400,100,A,62,26,114,86
result_1053.jpg,400,100,H,117,10,169,67
result_1053.jpg,400,100,W,163,5,235,66
result_1053.jpg,400,100,C,222,29,269,88
result_1054.jpg,400,100,X,40,14,90,75
result_1054.jpg,400,100,E,94,17,141,75
result_1054.jpg,400,100,F,146,33,184,94
result_1054.jpg,400,100,E,198,18,245,78
result_1055.jpg,400,100,L,85,22,123,87
result_1055.jpg,400,100,T,134,27,180,85
result_1055.jpg,400,100,4,186,34,225,94
result_1055.jpg,400,100,P,241,5,287,64
result_1056.jpg,400,100,X,5,2,53,62
result_1056.jpg,400,100,L,58,31,98,90
result_1056.jpg,400,100,W,107,27,168,84
result_1056.jpg,400,100,M,162,9,218,66
result_1057.jpg,400,100,6,119,31,158,90
result_1057.jpg,400,100,3,173,22,209,78
result_1057.jpg,400,100,L,225,14,263,76
result_1057.jpg,400,100,A,274,1,329,58
result_1058.jpg,400,100,Y,11,36,58,96
result_1058.jpg,400,100,W,60,15,131,72
result_1058.jpg,400,100,W,119,23,183,80
result_1058.jpg,400,100,6,169,39,205,94
result_1059.jpg,400,100,F,111,29,150,88
result_1059.jpg,400,100,T,160,29,205,92
result_1059.jpg,400,100,M,214,30,272,88
result_1059.jpg,400,100,Z,266,1,310,60
result_1060.jpg,400,100,H,115,24,160,83
result_1060.jpg,400,100,C,162,19,212,79
result_1060.jpg,400,100,J,214,4,248,65
result_1060.jpg,400,100,2,263,22,304,80
result_1061.jpg,400,100,W,43,20,109,75
result_1061.jpg,400,100,A,96,5,143,67
result_1061.jpg,400,100,Y,146,4,192,65
result_1061.jpg,400,100,L,198,29,236,89
result_1062.jpg,400,100,L,13,22,53,80
result_1062.jpg,400,100,L,119,34,156,95
result_1062.jpg,400,100,F,67,9,105,66
result_1062.jpg,400,100,6,168,1,209,54
result_1063.jpg,400,100,X,11,19,60,79
result_1063.jpg,400,100,5,64,27,99,84
result_1063.jpg,400,100,K,114,2,163,61
result_1063.jpg,400,100,L,166,17,204,75
result_1064.jpg,400,100,H,72,24,122,82
result_1064.jpg,400,100,P,126,9,172,66
result_1064.jpg,400,100,W,175,6,241,61
result_1064.jpg,400,100,L,231,21,264,78
result_1065.jpg,400,100,P,130,11,175,71
result_1065.jpg,400,100,A,180,16,231,77
result_1065.jpg,400,100,M,236,13,294,69
result_1065.jpg,400,100,X,287,12,333,71
result_1066.jpg,400,100,4,89,7,126,64
result_1066.jpg,400,100,6,138,22,177,78
result_1066.jpg,400,100,X,191,1,239,59
result_1066.jpg,400,100,P,246,26,289,83
result_1067.jpg,400,100,P,70,2,116,65
result_1067.jpg,400,100,2,119,3,161,61
result_1067.jpg,400,100,T,175,35,219,92
result_1067.jpg,400,100,F,227,1,274,53
result_1068.jpg,400,100,F,111,30,154,88
result_1068.jpg,400,100,4,162,4,199,61
result_1068.jpg,400,100,3,212,1,253,60
result_1068.jpg,400,100,2,264,8,306,68
result_1069.jpg,400,100,6,137,13,178,70
result_1069.jpg,400,100,F,193,11,231,67
result_1069.jpg,400,100,P,246,7,291,66
result_1069.jpg,400,100,L,297,1,333,58
result_1070.jpg,400,100,3,1,21,36,83
result_1070.jpg,400,100,M,53,13,112,71
result_1070.jpg,400,100,E,104,24,146,84
result_1070.jpg,400,100,V,153,27,207,89
result_1071.jpg,400,100,J,43,7,75,70
result_1071.jpg,400,100,C,94,14,142,76
result_1071.jpg,400,100,F,146,31,188,94
result_1071.jpg,400,100,V,195,6,247,66
result_1072.jpg,400,100,W,21,30,88,90
result_1072.jpg,400,100,C,77,29,124,84
result_1072.jpg,400,100,K,128,1,172,53
result_1072.jpg,400,100,T,175,37,225,95
result_1073.jpg,400,100,M,150,7,207,66
result_1073.jpg,400,100,J,197,33,236,95
result_1073.jpg,400,100,H,251,22,304,85
result_1073.jpg,400,100,4,304,39,340,94
result_1074.jpg,400,100,2,78,31,117,90
result_1074.jpg,400,100,J,130,1,168,61
result_1074.jpg,400,100,T,178,34,230,97
result_1074.jpg,400,100,2,233,40,270,100
result_1075.jpg,400,100,J,117,1,150,58
result_1075.jpg,400,100,F,169,17,210,78
result_1075.jpg,400,100,Y,219,13,268,71
result_1075.jpg,400,100,6,272,1,307,55
result_1076.jpg,400,100,C,33,19,78,76
result_1076.jpg,400,100,A,81,1,132,55
result_1076.jpg,400,100,Z,133,14,181,74
result_1076.jpg,400,100,C,187,38,236,94
result_1077.jpg,400,100,5,107,1,143,53
result_1077.jpg,400,100,W,151,24,223,80
result_1077.jpg,400,100,C,210,20,257,79
result_1077.jpg,400,100,Z,258,5,307,65
result_1078.jpg,400,100,E,7,36,53,99
result_1078.jpg,400,100,6,59,5,97,63
result_1078.jpg,400,100,M,111,1,171,61
result_1078.jpg,400,100,2,164,9,204,66
result_1079.jpg,400,100,E,58,19,102,80
result_1079.jpg,400,100,E,109,5,151,64
result_1079.jpg,400,100,Z,157,2,208,62
result_1079.jpg,400,100,C,212,13,263,71
result_1080.jpg,400,100,6,146,1,183,59
result_1080.jpg,400,100,M,199,22,258,80
result_1080.jpg,400,100,4,251,1,289,58
result_1080.jpg,400,100,F,302,3,346,65
result_1081.jpg,400,100,F,68,11,111,68
result_1081.jpg,400,100,F,121,17,163,77
result_1081.jpg,400,100,R,172,27,224,88
result_1081.jpg,400,100,R,227,32,274,89
result_1082.jpg,400,100,C,20,1,68,56
result_1082.jpg,400,100,2,72,7,109,68
result_1082.jpg,400,100,4,121,27,162,88
result_1082.jpg,400,100,C,177,21,228,80
result_1083.jpg,400,100,P,41,36,87,97
result_1083.jpg,400,100,Y,89,5,139,66
result_1083.jpg,400,100,W,142,34,209,90
result_1083.jpg,400,100,R,198,36,248,94
result_1084.jpg,400,100,Z,43,20,94,83
result_1084.jpg,400,100,P,98,1,147,55
result_1084.jpg,400,100,4,151,1,189,58
result_1084.jpg,400,100,F,202,28,246,88
result_1085.jpg,400,100,L,132,27,178,88
result_1085.jpg,400,100,H,183,18,236,75
result_1085.jpg,400,100,L,240,15,280,75
result_1085.jpg,400,100,X,290,1,339,55
result_1086.jpg,400,100,Z,78,3,121,64
result_1086.jpg,400,100,H,131,10,182,73
result_1086.jpg,400,100,C,185,1,231,57
result_1086.jpg,400,100,6,234,1,269,58
result_1087.jpg,400,100,3,20,10,62,73
result_1087.jpg,400,100,F,77,1,122,60
result_1087.jpg,400,100,T,127,39,174,95
result_1087.jpg,400,100,5,179,19,221,78
result_1088.jpg,400,100,V,112,20,165,80
result_1088.jpg,400,100,M,170,1,225,57
result_1088.jpg,400,100,R,223,1,273,58
result_1088.jpg,400,100,R,272,7,325,66
result_1089.jpg,400,100,P,64,1,105,61
result_1089.jpg,400,100,L,111,3,153,64
result_1089.jpg,400,100,3,164,39,203,98
result_1089.jpg,400,100,4,217,4,255,59
result_1090.jpg,400,100,X,82,29,131,92
result_1090.jpg,400,100,X,185,12,233,74
result_1090.jpg,400,100,H,137,1,183,58
result_1090.jpg,400,100,P,236,17,285,77
